03.03.2025	 06.05.38	f73ac7d4-2c10-4606-9103-202eb3dc3101	GET	/api/users/	undefined
03.03.2025	 06.18.33	7a8a4b1c-f8ad-4f66-b3d4-9fd7bc22404a	POST	/api/auth/login	undefined
03.03.2025	 06.19.56	f13ccb52-e7c4-45c8-a3ce-dfb8eb97ddbf	POST	/api/auth/login	undefined
03.03.2025	 06.20.06	04401daa-8ccd-4987-9022-d9f2b207c16f	POST	/api/auth/login	undefined
03.03.2025	 06.21.05	f8d95290-962e-45a2-9285-5795d00707a3	POST	/api/auth/login	undefined
03.03.2025	 06.21.42	b6ba6138-c5d4-4ed0-b5ea-af8acd4b7fab	POST	/api/auth/login	undefined
03.03.2025	 06.22.37	74160bfc-765a-47af-bdea-1c44b1a15901	POST	/api/auth/login	undefined
03.03.2025	 06.24.03	c43a4ad8-22a1-4485-94ab-4bd11462920d	POST	/api/auth/login	undefined
03.03.2025	 06.25.41	9910fb1e-1945-4070-9476-27678efadaf9	POST	/api/auth/login	undefined
03.03.2025	 06.27.38	e59e27a3-8e83-4f3b-af3f-766cb9f87c55	GET	/api/users/	undefined
03.03.2025	 06.28.22	e6ef6019-9caf-4fad-ac7b-8d2cd6ac3a8d	GET	/api/users/	undefined
03.03.2025	 06.59.11	fea08cb8-25e4-481d-b9a5-22bd0faea0fb	POST	/api/auth/login	undefined
03.03.2025	 07.00.55	0cf8be63-1c8b-4ef7-a373-83221a7f9a16	POST	/api/auth/login	undefined
03.03.2025	 07.02.48	890045e4-33da-4036-a61e-8af3231b87d2	POST	/api/auth/login	undefined
03.03.2025	 07.04.29	e97832d3-a701-4f22-955b-8cc5859c0f66	POST	/api/auth/login	undefined
03.03.2025	 07.06.48	d781bce1-aa9b-437f-85e3-121e9dcd407b	POST	/api/auth/login	undefined
03.03.2025	 07.07.21	dddef867-fd73-4397-966a-953fc3d425c0	GET	/api/users/	undefined
03.03.2025	 07.07.52	41479668-6646-4ece-8580-befeccdf1aa0	GET	/api/users/	undefined
03.03.2025	 07.15.22	6842e349-8ddd-4ec2-a7f3-e0f8b8ad6772	GET	/api/users/	undefined
03.03.2025	 07.20.22	f2e42a1a-7690-42a7-ab14-f08f35ce5f68	GET	/api/users/	undefined
03.03.2025	 07.20.28	b2ebcc79-6d09-4d2e-8aa2-3d671de64cbd	POST	/api/auth/login	undefined
03.03.2025	 07.20.45	bc7119d0-d7d5-4deb-a5c4-9d87329ecbf2	GET	/api/users/	undefined
03.03.2025	 07.26.26	85674add-afca-424d-a22c-977d4f43c02e	GET	/api/users/	undefined
03.03.2025	 07.26.33	12b6b5c3-cf9c-4d9e-b7f9-d0db6542fbd1	POST	/api/auth/login	undefined
03.03.2025	 07.26.58	a9a85e4a-2628-498e-a6f3-cb11392ad3ff	GET	/api/users/	undefined
03.03.2025	 07.27.43	1c6710d9-d712-4184-9122-60e2a7c584b3	GET	/api/users/	undefined
03.03.2025	 07.30.11	12e2e3d7-fce9-451a-b26f-1aa9fc959dae	POST	/api/auth/refresh-token	undefined
03.03.2025	 07.30.24	b9733bb8-58f7-4f57-b797-0022036d001c	POST	/api/auth/refresh-token	undefined
03.03.2025	 07.31.34	e2a5c833-f8b3-445a-ae3f-64891473d5f5	POST	/api/auth/refresh-token	undefined
03.03.2025	 07.41.22	c6b3c291-8692-4de9-9dee-d4976130b46e	POST	/api/auth/refresh-token	undefined
03.03.2025	 07.41.44	43a73334-1e5c-443e-89e1-9c2b85b678bc	POST	/api/auth/refresh-token	undefined
03.03.2025	 07.42.07	ba86eca3-c888-49f2-a3b6-c6f891f9eb9b	POST	/api/auth/refresh-token	undefined
03.03.2025	 07.42.46	56055df3-bc42-49c9-af0f-2b28e6d625e6	POST	/api/auth/refresh-token	undefined
03.03.2025	 07.43.08	c472a376-8997-405c-8065-e5b42cdbe066	POST	/api/auth/login	undefined
03.03.2025	 07.43.21	40e7f758-6c90-45e7-b280-d97531e1902f	POST	/api/auth/refresh-token	undefined
03.03.2025	 07.44.06	aca02ebd-f727-4086-b1e8-49c6efceb0b1	POST	/api/auth/login	undefined
03.03.2025	 07.44.21	6edeb8a8-777e-4a14-aa2e-c1700829328b	POST	/api/auth/refresh-token	undefined
03.03.2025	 07.44.46	fcb462ee-bcd4-46d5-83ec-1b765fe3cefc	POST	/api/auth/refresh-token	undefined
03.03.2025	 07.45.40	62b5cfac-0eb8-4bc2-bb5d-ce3a2f7c7448	POST	/api/auth/refresh-token	undefined
03.03.2025	 07.49.41	769ba1f2-45d8-4e65-a110-d302d996f28a	POST	/api/auth/refresh-token	undefined
03.03.2025	 07.57.04	7172ee16-5674-4e94-9ce4-35d1ae0579fa	POST	/api/auth/refresh-token	undefined
03.03.2025	 07.57.48	8882cfe3-5e66-460e-816c-f4a9931a8e26	POST	/api/auth/refresh-token	undefined
03.03.2025	 07.58.00	9ac4231a-c516-4678-a5da-8da49c30c528	POST	/api/auth/refresh-token	undefined
03.03.2025	 07.58.19	615adcd0-7806-41a3-9909-6f3b1ee7e9f9	POST	/api/auth/refresh-token	undefined
03.03.2025	 07.59.24	14d99b0c-4582-4525-bead-d9b39b928cee	POST	/api/auth/refresh-token	undefined
03.03.2025	 07.59.45	1317d153-9ea2-4e5e-a6c5-c71c4cf6bbd4	POST	/api/auth/refresh-token	undefined
03.03.2025	 07.59.59	be28357b-dc68-46d9-b6ef-4fda6806af97	POST	/api/auth/refresh-token	undefined
03.03.2025	 08.00.10	ca968de3-98ef-4f8f-86ea-a1b2a740e085	POST	/api/auth/login	undefined
03.03.2025	 08.00.22	7d2928b1-785d-4de3-9ed9-130850fbd14e	POST	/api/auth/refresh-token	undefined
03.03.2025	 16.58.47	9064d09c-6b01-4721-b83c-c8f6bc25ef64	POST	/api/auth/login	undefined
03.03.2025	 16.59.05	b7e9750b-9ca3-43f8-9531-7d45dd4fb8cb	GET	/api/users/	undefined
03.03.2025	 16.59.33	8658d02c-e419-4f89-8cda-430763d1a936	POST	/api/auth/logout	undefined
03.03.2025	 17.00.05	d1a126a0-494c-436a-8c0e-b23cdf58709b	POST	/api/auth/logout	undefined
03.03.2025	 17.00.33	05a34dc8-27b3-4bd1-ad33-530488291fa2	POST	/api/auth/logout	undefined
03.03.2025	 17.00.37	48e738dd-c795-460e-a38c-c87fc47defd1	GET	/api/users/	undefined
03.03.2025	 17.00.43	bd7b5d18-2cd5-4dc2-8f9c-529fcf5bb115	POST	/api/auth/login	undefined
03.03.2025	 17.10.14	a306ea9e-15fa-48e0-8da0-9838882e6f8b	GET	/api/users/	undefined
03.03.2025	 17.13.11	fc9dc7d6-f5db-4a16-8629-7b4bad58ca97	POST	/api/auth/login	undefined
03.03.2025	 17.13.30	1fbee6a6-4b4b-41bf-ac62-d9de4d4b0d6a	GET	/api/users/	undefined
03.03.2025	 17.13.39	3f0dd65c-e389-46da-be87-eff0841eb220	POST	/api/users/	undefined
03.03.2025	 17.28.48	9081bfda-3736-42af-9dd7-3b802348f657	POST	/api/auth/register	undefined
03.03.2025	 17.29.08	3b402591-f8d3-4a69-9a5d-a91b1f759c0b	POST	/api/auth/register	undefined
03.03.2025	 17.30.21	8f3339d8-a8cd-4052-a699-cdefb78b13a9	POST	/api/auth/logout	undefined
03.03.2025	 17.30.30	74ec6d87-6bef-459b-828c-294cc7fa4d40	POST	/api/auth/logout	undefined
03.03.2025	 17.30.40	bb7f82b4-8941-481f-a6a2-ab2e022f4814	POST	/api/auth/register	undefined
03.03.2025	 17.34.44	b089c467-cdcd-406c-a707-13f5be8a877b	POST	/api/auth/register	undefined
03.03.2025	 17.34.49	3d23acf3-6a18-4bab-8e26-40b30631460c	POST	/api/auth/register	undefined
03.03.2025	 17.35.01	c2dad70f-c2c9-4f4c-94ef-86af9846d1c9	POST	/api/auth/logout	undefined
03.03.2025	 17.35.52	f4447570-818c-48d5-8753-2da4023eadf5	POST	/api/auth/logout	undefined
03.03.2025	 17.35.57	2826f87b-54dc-4bc2-958b-9f855adda4c4	POST	/api/auth/login	undefined
03.03.2025	 17.36.02	90b34a5d-3fa3-4230-b006-c05607f39268	POST	/api/auth/logout	undefined
03.03.2025	 17.36.03	948372b8-5746-4213-be52-826215c58055	POST	/api/auth/logout	undefined
03.03.2025	 17.37.28	85bddf13-86ac-4fca-8f45-13aad4ec9341	POST	/api/auth/register	undefined
03.03.2025	 17.39.23	b171afc8-3e6d-4fbc-86d3-0c2eee649aae	POST	/api/auth/register	undefined
03.03.2025	 17.41.47	0df75842-1757-4ee4-9365-c8bf88497e79	POST	/api/auth/register	undefined
03.03.2025	 17.42.27	65958671-2027-48a3-b9c4-3f562ed65227	GET	/api/auth/verify/eyJhbGciOiJIUzI1NiIsInR5cCI6IkpXVCJ9.eyJlbWFpbCI6ImlzYWhtZXQwODlAZ21haWwuY29tIiwiaWF0IjoxNzQxMDEyOTA4LCJleHAiOjE3NDEwOTkzMDh9.bwh3GjHYY9cl7yyakLm8W6Ueb10Q63bWxjY-a-dJQyQ	undefined
03.03.2025	 17.42.28	0cbccb89-ad53-495d-84a1-186795875f0b	GET	/favicon.ico	undefined
03.03.2025	 17.44.10	4179aec6-5041-476a-9530-adc9f8cff7cf	POST	/api/auth/register	undefined
03.03.2025	 17.47.09	f0f7046d-3095-4fe9-bef1-cd509df9445e	GET	/api/auth/verify/eyJhbGciOiJIUzI1NiIsInR5cCI6IkpXVCJ9.eyJlbWFpbCI6ImlzYWhtZXQwODlAZ21haWwuY29tIiwiaWF0IjoxNzQxMDEyOTA4LCJleHAiOjE3NDEwOTkzMDh9.bwh3GjHYY9cl7yyakLm8W6Ueb10Q63bWxjY-a-dJQyQ	undefined
03.03.2025	 17.47.31	a948e3e6-3555-4838-aa64-461b04417383	POST	/api/auth/logout	undefined
03.03.2025	 17.47.45	d1c6e8ef-67d4-4714-8e56-4c655be44e2b	GET	/api/users/	undefined
03.03.2025	 17.47.50	c8c75fa5-0402-4cd2-97c3-679727e3c736	POST	/api/auth/login	undefined
03.03.2025	 17.47.53	a3abd761-382b-47fe-b359-68bdef8571c2	GET	/api/users/	undefined
03.03.2025	 17.48.03	38f46f6a-0127-407c-9570-d49fd00bb6b1	DELETE	/api/users/67c5c03ac6325d26382900a1	undefined
03.03.2025	 17.48.11	acc80362-ffd4-4f2e-b424-3c9ae7c0bb40	DELETE	/api/users/67c5bfacdd24e7569588657a	undefined
03.03.2025	 17.48.28	a1ca2176-51ae-482c-a5be-b6f7a282618e	POST	/api/auth/register	undefined
03.03.2025	 17.49.02	ad2392d6-b12a-4303-81c4-1e43647c940f	POST	/api/auth/register	undefined
03.03.2025	 17.49.13	3da51cc3-c886-4bd9-9c7e-7d8a9adc3fe9	GET	/api/auth/verify/eyJhbGciOiJIUzI1NiIsInR5cCI6IkpXVCJ9.eyJlbWFpbCI6ImlzYWhtZXQwODlAZ21haWwuY29tIiwiaWF0IjoxNzQxMDEzMzQzLCJleHAiOjE3NDEwOTk3NDN9.x5eXPjzuq9Rw8sFCFhWYnRADhzqbP6SmHhcgtLG4u5U	undefined
03.03.2025	 17.51.08	5e573457-4ae5-48ea-9e42-3508c42f3a45	GET	/api/auth/verify/eyJhbGciOiJIUzI1NiIsInR5cCI6IkpXVCJ9.eyJlbWFpbCI6ImlzYWhtZXQwODlAZ21haWwuY29tIiwiaWF0IjoxNzQxMDEzMzQzLCJleHAiOjE3NDEwOTk3NDN9.x5eXPjzuq9Rw8sFCFhWYnRADhzqbP6SmHhcgtLG4u5U	undefined
03.03.2025	 17.51.31	6ec80df9-e697-4cce-b424-672eb84ec5b1	GET	/api/auth/verify/eyJhbGciOiJIUzI1NiIsInR5cCI6IkpXVCJ9.eyJlbWFpbCI6ImlzYWhtZXQwODlAZ21haWwuY29tIiwiaWF0IjoxNzQxMDEzMzQzLCJleHAiOjE3NDEwOTk3NDN9.x5eXPjzuq9Rw8sFCFhWYnRADhzqbP6SmHhcgtLG4u5U	undefined
03.03.2025	 17.51.32	7dce8c90-5e93-4160-8e9f-b659a823512f	GET	/api/auth/verify/eyJhbGciOiJIUzI1NiIsInR5cCI6IkpXVCJ9.eyJlbWFpbCI6ImlzYWhtZXQwODlAZ21haWwuY29tIiwiaWF0IjoxNzQxMDEzMzQzLCJleHAiOjE3NDEwOTk3NDN9.x5eXPjzuq9Rw8sFCFhWYnRADhzqbP6SmHhcgtLG4u5U	undefined
03.03.2025	 17.51.33	8d7728ae-2457-4fca-a270-d3b13f5ddcee	GET	/api/auth/verify/eyJhbGciOiJIUzI1NiIsInR5cCI6IkpXVCJ9.eyJlbWFpbCI6ImlzYWhtZXQwODlAZ21haWwuY29tIiwiaWF0IjoxNzQxMDEzMzQzLCJleHAiOjE3NDEwOTk3NDN9.x5eXPjzuq9Rw8sFCFhWYnRADhzqbP6SmHhcgtLG4u5U	undefined
03.03.2025	 17.51.34	9922b5d1-2e51-4eb9-96d6-d7fb332d3a68	GET	/api/auth/verify/eyJhbGciOiJIUzI1NiIsInR5cCI6IkpXVCJ9.eyJlbWFpbCI6ImlzYWhtZXQwODlAZ21haWwuY29tIiwiaWF0IjoxNzQxMDEzMzQzLCJleHAiOjE3NDEwOTk3NDN9.x5eXPjzuq9Rw8sFCFhWYnRADhzqbP6SmHhcgtLG4u5U	undefined
03.03.2025	 17.51.34	3e67750c-2720-43a4-b3fd-300651835707	GET	/api/auth/verify/eyJhbGciOiJIUzI1NiIsInR5cCI6IkpXVCJ9.eyJlbWFpbCI6ImlzYWhtZXQwODlAZ21haWwuY29tIiwiaWF0IjoxNzQxMDEzMzQzLCJleHAiOjE3NDEwOTk3NDN9.x5eXPjzuq9Rw8sFCFhWYnRADhzqbP6SmHhcgtLG4u5U	undefined
03.03.2025	 17.52.33	23202f56-a01e-452a-bd5c-3850dbef6030	GET	/api/auth/verify/eyJhbGciOiJIUzI1NiIsInR5cCI6IkpXVCJ9.eyJlbWFpbCI6ImlzYWhtZXQwODlAZ21haWwuY29tIiwiaWF0IjoxNzQxMDEzMzQzLCJleHAiOjE3NDEwOTk3NDN9.x5eXPjzuq9Rw8sFCFhWYnRADhzqbP6SmHhcgtLG4u5U	undefined
03.03.2025	 18.10.52	980ac76f-9617-4926-8035-5730ce71bfd1	POST	/api/auth/logout	undefined
03.03.2025	 18.16.50	cd37f54f-1fc5-4e35-8a74-1744ed33f04c	POST	/api/auth/logout	undefined
03.03.2025	 18.16.56	d298ef50-3ce6-490e-bca0-7346bd54ea79	POST	/api/auth/login	undefined
03.03.2025	 18.17.28	4414a9ac-dee5-4324-9452-3a1ad02c5e5e	POST	/api/auth/login	undefined
03.03.2025	 18.17.52	beac4411-7786-4aa8-8887-29cd77a855a6	POST	/api/auth/logout	undefined
03.03.2025	 18.23.46	09377b9d-4008-491e-b75e-5e99078e1023	POST	/api/auth/logout	undefined
03.03.2025	 18.23.58	2282e989-c907-43cb-8b7e-b44bbfb997eb	POST	/api/auth/login	undefined
03.03.2025	 18.24.16	00208913-b4e6-4d70-b1e1-ba56a7a1394a	POST	/api/auth/logout	undefined
03.03.2025	 18.24.21	f7863b81-86c3-4f25-8999-875d5a92809c	POST	/api/auth/login	undefined
03.03.2025	 18.24.40	cd21396e-6102-4f29-b210-10fea2e36655	POST	/api/auth/login	undefined
03.03.2025	 18.25.32	965f4d4d-d5af-40d8-8165-fac998ad282f	POST	/api/auth/refresh-token	undefined
03.03.2025	 18.27.58	efdb02af-c396-42c5-b30c-e86f89981e4b	POST	/api/auth/refresh-token	undefined
03.03.2025	 18.29.44	abc9992d-ddf7-486c-9baa-afe2c98bbafb	POST	/api/auth/refresh-token	undefined
03.03.2025	 18.29.53	f39c382c-dc0e-4674-93de-52e5894d3789	POST	/api/auth/refresh-token	undefined
03.03.2025	 18.30.04	ea1d07b6-8018-4528-be78-f9f8b2f582e8	POST	/api/auth/login	undefined
03.03.2025	 18.30.25	c38c9670-d304-4e97-9446-50aece75a004	POST	/api/auth/refresh-token	undefined
03.03.2025	 18.30.50	610a8f32-8087-477d-9450-d49f03d76367	POST	/api/auth/refresh-token	undefined
03.03.2025	 18.31.29	82bd7fa3-9aaa-4d2d-bbd7-d2d148b8bd96	POST	/api/auth/login	undefined
03.03.2025	 18.31.32	f1939149-c678-471d-8c80-dd9a473ce3b4	POST	/api/auth/logout	undefined
03.03.2025	 18.31.44	eae38b52-fd1e-4f1e-b9f2-9dbf76adcf7d	POST	/api/auth/login	undefined
03.03.2025	 18.31.47	1d83d76b-8df2-44f2-a5dd-59d3060c00d3	POST	/api/auth/refresh-token	undefined
03.03.2025	 18.34.10	4530dbd2-9335-4e88-96a7-c264dae53dc3	POST	/api/auth/refresh-token	undefined
03.03.2025	 18.49.04	820b027b-1b2e-4558-a0d6-09abb03d01cb	POST	/api/auth/refresh-token	undefined
03.03.2025	 18.50.17	119d3e77-70e6-40a9-a1eb-3d9cf25f7f4f	POST	/api/auth/login	undefined
03.03.2025	 18.50.36	009fb77a-f614-4a15-a843-463e81b3e7f9	POST	/api/auth/refresh-token	undefined
03.03.2025	 18.51.49	ef19d421-4698-400c-8099-8e392d18b59e	POST	/api/auth/logout	undefined
03.03.2025	 18.52.03	cda8df07-7a20-4c5d-8b2b-07812d3f9cc3	POST	/api/auth/login	undefined
03.03.2025	 18.53.04	693daf5a-1994-4fa6-8ab0-ffc514d4a348	GET	/api/users/	undefined
03.03.2025	 18.53.17	c8ca4975-6790-4b89-870b-2e571ec1366f	POST	/api/auth/login	undefined
03.03.2025	 18.53.21	1d48bc62-e218-44a3-a75a-61078255cf2e	GET	/api/users/	undefined
03.03.2025	 18.54.09	f3da4219-6aad-4854-9a3f-9a1ba0561562	POST	/api/auth/logout	undefined
03.03.2025	 18.54.16	ef201847-a47e-4f12-b6ed-7f04589b6658	POST	/api/auth/login	undefined
03.03.2025	 18.54.24	ea66e826-4ee5-4e42-9d79-865e852a5c98	POST	/api/auth/logout	undefined
03.03.2025	 18.54.37	56015241-ad2a-47bd-b479-6b7ea7d3a38e	POST	/api/auth/login	undefined
03.03.2025	 18.55.03	f5c085f9-3a38-4e6c-bd8f-51ee5f5306ed	POST	/api/auth/logout	undefined
03.03.2025	 18.55.07	55b86de8-3706-4d35-a8da-0b912e65ac7f	GET	/api/users/	undefined
03.03.2025	 18.55.15	95cff7c7-5c56-44ba-8725-9dc893805e0a	POST	/api/auth/login	undefined
03.03.2025	 18.55.20	55c81fb4-3ba5-41c5-8799-f8b2b49f2eb2	POST	/api/auth/logout	undefined
03.03.2025	 18.55.30	c75d9a1c-39b8-4af0-a763-e0c6771a3f0f	GET	/api/users/	undefined
03.03.2025	 18.55.33	237511ff-25f1-4e45-8d29-f9f4f766b7e2	POST	/api/auth/login	undefined
03.03.2025	 18.55.37	991bb212-79af-41c0-8228-6c8c1d12e8de	GET	/api/users/	undefined
03.03.2025	 18.55.56	45bfed5e-8114-4e07-af91-f06624211ef8	POST	/api/auth/refresh-token	undefined
03.03.2025	 18.56.13	aebcf9b3-e3f1-4a6a-98a3-b68ff2ee2629	POST	/api/auth/login	undefined
03.03.2025	 18.56.18	8a0237f8-9ffd-4d0f-9982-d14c7c1d4ee0	POST	/api/auth/refresh-token	undefined
03.03.2025	 18.56.52	0d0dc461-7d6f-428b-a770-2d3db5b722f7	POST	/api/auth/login	undefined
03.03.2025	 18.58.15	8bb7923b-781b-45e6-bb30-ada84569db5e	POST	/api/auth/login	undefined
03.03.2025	 18.59.10	350a8c45-9eda-42b0-bb34-abdb53a6c8ad	POST	/api/auth/login	undefined
03.03.2025	 18.59.15	2587202a-ef4b-4c7d-b9d2-ffeba7d1128a	POST	/api/auth/logout	undefined
03.03.2025	 18.59.56	2a5aeb89-22a7-4183-8820-413b8c7959ec	POST	/api/auth/logout	undefined
03.03.2025	 19.13.30	ce5e5c47-7bdc-42ff-817c-bd1cd6292ea4	POST	/api/auth/logout	undefined
03.03.2025	 19.13.33	0b6607de-1040-4a36-b1e4-f9013059ae31	POST	/api/auth/logout	undefined
03.03.2025	 19.13.34	5be6dd14-4666-4a75-a0c2-187120091de4	POST	/api/auth/logout	undefined
03.03.2025	 20.32.12	43a1958b-5349-40a5-8d06-3d285a4fdcc3	POST	/api/auth/login	undefined
03.03.2025	 20.32.30	0fb695df-340c-403a-90d1-900361088efa	POST	/api/auth/login	undefined
03.03.2025	 20.34.13	6194ece8-ec2d-498e-8013-83cd669bd3df	POST	/api/auth/login	undefined
03.03.2025	 20.35.10	f334eb97-1ecf-4abe-a627-c719c62e8d19	GET	/api/users/	undefined
03.03.2025	 20.35.36	82ae94d7-9487-4c57-ac7a-541d545d5c9e	POST	/api/auth/login	undefined
03.03.2025	 20.35.56	6a7fee4e-eb30-40ee-b195-3aea84fe69f3	POST	/api/auth/login	undefined
03.03.2025	 22.13.58	d2cd70e7-eba1-471c-8ce4-a0c23e99d60d	POST	/api/auth/login	undefined
03.03.2025	 22.14.08	da6d2653-e2f7-4166-bfb9-03a22c582819	GET	/api/users/	undefined
03.03.2025	 22.14.53	c5021cb7-1c00-49b1-9ffe-c46d6656b3cd	POST	/api/auth/refresh-token	undefined
03.03.2025	 22.15.58	9463bcf9-2f4a-4d35-8229-6596d65c3c49	POST	/api/auth/logout	undefined
03.03.2025	 22.16.04	e21c2810-1879-4746-ac23-bea912ab3b6f	POST	/api/auth/refresh-token	undefined
03.03.2025	 22.16.06	516da911-d754-431e-851f-f30137661729	POST	/api/auth/refresh-token	undefined
03.03.2025	 22.16.07	ada45759-a30f-4283-b6de-545c0eaf6dc1	POST	/api/auth/refresh-token	undefined
03.03.2025	 22.16.08	675108ba-7186-4d55-8e0f-ed57c187cc91	POST	/api/auth/refresh-token	undefined
03.03.2025	 22.16.10	6cea1f21-2b0c-4d2c-8851-9ede2b02d208	POST	/api/auth/refresh-token	undefined
03.03.2025	 22.16.11	6ef3c92a-a47d-40a9-9a3f-7b29f10eaa42	POST	/api/auth/refresh-token	undefined
03.03.2025	 22.17.51	5621b282-aecb-44fa-b848-5c9874a796ad	GET	/api/users/	undefined
03.03.2025	 22.17.57	7875ef70-7ecb-49b6-bc6b-81b2e3ed2243	POST	/api/auth/login	undefined
03.03.2025	 22.18.01	3864d639-1cad-4b1d-9f28-cc608622a1a9	GET	/api/users/	undefined
03.03.2025	 22.18.06	6735bce2-13b3-447e-b91a-95e1a87138fb	POST	/api/auth/logout	undefined
03.03.2025	 22.18.09	ea272bf5-9537-4bbf-b958-1509a45349d5	GET	/api/users/	undefined
03.03.2025	 22.18.30	2dfcd5f3-0040-48ba-babf-4950785f0621	POST	/api/auth/login	undefined
03.03.2025	 22.18.38	284bee71-f5db-4d82-aa76-51e06258484a	POST	/api/auth/logout	undefined
03.03.2025	 22.18.48	bb45083d-6cc7-48b6-94f3-25a430b96a39	POST	/api/auth/logout	undefined
03.03.2025	 22.20.19	4ddc7d26-fee3-4e6e-9bb5-18536abe4f21	POST	/api/auth/login	undefined
03.03.2025	 22.27.25	940a0eaf-1e5b-442b-8288-02cb94b9bddb	POST	/api/auth/login	undefined
03.03.2025	 22.27.53	47633499-1b77-4762-9ed6-6ed52d4a8880	POST	/api/auth/logout	undefined
03.03.2025	 22.27.58	7cf407e8-81a6-4ad6-8ebf-f0a3c0129296	GET	/api/users/	undefined
03.03.2025	 22.28.03	015cf692-d5cb-406e-963c-a91a4e230d5f	PUT	/api/users/67c2447293582c8d5775a5a4	undefined
03.03.2025	 22.28.06	2a8313e6-f84e-4dc4-a51d-c4ef4a90c649	GET	/api/users/	undefined
03.03.2025	 22.28.10	3bd8c660-fc88-43f6-9e28-49b493c351cd	POST	/api/auth/login	undefined
04.03.2025	 00.00.42	b2b4fc17-ecab-4420-9254-4d4b5b98f739	POST	/api/auth/login	undefined
04.03.2025	 00.01.13	a98594ea-04f1-490e-b422-520f91415ca8	POST	/api/auth/refresh-token	undefined
04.03.2025	 00.09.07	f2cd665a-d57d-478e-a6c9-063527fbde50	POST	/api/auth/login	undefined
04.03.2025	 00.09.28	3d12ba23-ac8c-40e1-82b0-489d65f68546	POST	/api/auth/login	undefined
04.03.2025	 00.12.41	05d5b4b8-4d76-4cee-b6a7-8d59e336f66e	POST	/api/auth/login	undefined
04.03.2025	 00.13.00	b274e22b-22a9-4d0b-bd29-e9f19af49e71	GET	/api/users/	undefined
04.03.2025	 00.13.03	3b351f6f-8f1e-44d8-91e3-0bc205ada960	POST	/api/auth/login	undefined
04.03.2025	 00.13.10	3d0dd7bb-67c5-48e6-993f-16519cbec9cb	POST	/api/auth/login	undefined
04.03.2025	 00.13.41	8eb7a0cd-33d1-4a3f-ba09-d18412c2792f	DELETE	/api/users/67c5c15f78699983435e4aef	undefined
04.03.2025	 00.13.49	2daeab7a-7923-4112-83a3-164094ec6516	POST	/api/auth/login	undefined
04.03.2025	 00.13.54	647775a6-6b8f-4ce9-b152-4106fa4ee8ae	POST	/api/auth/register	undefined
04.03.2025	 00.15.47	887aa03f-f4b8-4eff-a0eb-c513dee2947a	POST	/api/auth/login	undefined
04.03.2025	 00.16.20	c1a24bf0-edd7-4e3b-9260-6a1da40980fa	GET	/api/auth/verify/eyJhbGciOiJIUzI1NiIsInR5cCI6IkpXVCJ9.eyJlbWFpbCI6ImlzYWhtZXQwODlAZ21haWwuY29tIiwiaWF0IjoxNzQxMDM2NDM1LCJleHAiOjE3NDExMjI4MzV9.sbKQkOehHdKXfu--IZo9Idmgwng3gBtiuXfARKAgvz8	undefined
04.03.2025	 00.16.27	40e4eb16-b786-434a-9d56-48c5b285ddc1	POST	/api/auth/login	undefined
04.03.2025	 04.08.21	871be3fd-bdf3-4688-91ae-99d221e42e60	POST	/api/meals/	undefined
04.03.2025	 05.07.55	1708d5c0-445c-4490-a591-6e7ea054174e	POST	/api/auth/login	undefined
04.03.2025	 05.08.06	8a5b1b10-7d42-451c-965a-6da5674654cc	GET	/api/users/	undefined
04.03.2025	 05.08.12	054b1246-6245-4ed1-ba6a-fd09a989fc6f	GET	/api/meals/	undefined
04.03.2025	 05.08.28	3a075d91-3648-43c1-80bb-96ebca5bef05	GET	/api/meals/day	undefined
04.03.2025	 05.08.41	b80fd4cc-c309-4acf-9f9f-4638f55d59f0	GET	/api/meals/week	undefined
04.03.2025	 05.55.44	d7702e26-6ed2-44dd-a9e3-00b77c573bc4	GET	/api/comment	undefined
04.03.2025	 05.56.49	983a261b-57f3-4362-a169-80f575f8c3bc	GET	/api/users/	undefined
04.03.2025	 05.56.56	9871880f-103a-43ea-9181-1ae56215c8fc	POST	/api/auth/login	undefined
04.03.2025	 05.57.35	833751b8-f4d0-4750-b417-05faede2d9cc	GET	/api/meals/day	undefined
04.03.2025	 05.57.52	58f07a85-d873-444e-9bdb-73a262649538	POST	/api/comments/	undefined
04.03.2025	 05.58.42	6f7e84a8-6fb0-4002-806f-5f0de5f1fd87	POST	/api/comment/	undefined
04.03.2025	 05.59.20	28b22363-300a-41fa-b391-ae75b601a316	POST	/api/comment/	undefined
04.03.2025	 05.59.55	4a959fc5-cf9a-449e-b6d1-27ccea8f723a	POST	/api/comment/	undefined
04.03.2025	 06.00.33	1f43a4b4-212e-4c75-9010-4c8369ad9adf	POST	/api/comment/	undefined
04.03.2025	 06.00.56	5973159b-9311-4ca0-bfcf-d96d7c3fa08c	POST	/api/comment/	undefined
04.03.2025	 06.01.46	ca02f285-ffaa-46b5-a65b-3ab0e8c252df	POST	/api/comment/	undefined
04.03.2025	 06.01.52	09e8533e-ee06-46b3-a578-b7868235a435	GET	/api/comment	undefined
04.03.2025	 06.04.13	0153fbc6-81a1-4c7b-baf9-75f4ce6615ea	GET	/api/comment	undefined
04.03.2025	 06.06.56	b2996e09-e783-41db-ba05-ae0e2ed7f13a	POST	/api/comment/	undefined
04.03.2025	 06.08.23	adc9470b-c107-4c5c-a74c-dc046ca7dc4c	GET	/api/comment	undefined
04.03.2025	 21.28.14	d7f4f164-86e9-4f94-809d-f015886a90d1	GET	/api/auth/login	undefined
04.03.2025	 21.28.15	d0ce70de-78fe-43a2-b43e-36480e18d5ce	GET	/favicon.ico	undefined
04.03.2025	 21.35.44	0cf96577-9efb-4aee-b8a1-8e96a2c99221	GET	/api/auth/login	undefined
04.03.2025	 21.36.52	be05a127-370f-437f-8072-41facfd0c7d4	GET	/api/auth/login	undefined
04.03.2025	 21.38.19	2ff7a5eb-2132-40a9-a75a-f9a4a6ec41aa	GET	/api/auth/login	undefined
04.03.2025	 21.40.06	a86571b8-40f0-45d3-8b54-f9dd93dc56d9	GET	/api/auth/meal	undefined
04.03.2025	 21.40.15	dc5d2089-2452-4065-bade-4fab921d08ed	GET	/api/auth/meal/day	undefined
04.03.2025	 21.40.37	f7101aff-ce89-4883-813b-deaf2f0a7664	GET	/api/auth/meals/day	undefined
04.03.2025	 21.40.51	7af370f9-8c4f-4dfa-bb78-e20d6c31b8c0	GET	/api/meals/day	undefined
04.03.2025	 21.45.13	298be031-3ea7-4b92-a1c5-308dc914f4d8	POST	/api/auth/login	undefined
04.03.2025	 21.45.24	e54cd41f-cb9e-483c-bb11-fe3668cabc5d	GET	/api/users/	undefined
04.03.2025	 21.45.29	cb676542-fed1-4c53-85a0-45c67d97c8d9	POST	/api/auth/logout	undefined
04.03.2025	 21.45.32	4dabb2eb-c5c5-4af9-b92b-ef57e044630d	GET	/api/users/	undefined
04.03.2025	 21.57.53	8f2f9303-f45a-4d35-9350-54a427a7551d	POST	/api/auth/login	undefined
04.03.2025	 21.58.28	dbd88e4f-7a10-418b-9705-e69fa26d7a2e	POST	/api/comment/	undefined
04.03.2025	 21.59.25	5a791cc6-83a4-47d3-aa26-a556507f0ebe	POST	/api/comment/	undefined
04.03.2025	 22.01.01	78cebb2a-84e6-48f5-b988-e9e955fd0923	POST	/api/comment/	undefined
04.03.2025	 22.01.11	ef91be29-a2af-468c-8f5d-fce3f5b1e8d0	POST	/api/comment/	undefined
04.03.2025	 22.38.08	f8ab3c57-f0c6-41b9-82bf-1d39e4d7f7d5	POST	/api/auth/login	undefined
04.03.2025	 22.38.11	c773cafd-325c-4d3b-b8eb-cc19aa606f7a	POST	/api/comment/	undefined
04.03.2025	 22.38.37	fa69742c-d43d-43b8-a556-b8d266efec0c	POST	/api/comment/	undefined
04.03.2025	 22.38.52	213f7433-a518-4ece-8fa4-a54e040c4de1	POST	/api/comment/	undefined
04.03.2025	 22.38.59	e21299ce-0dc6-4034-898b-18527186bb4e	POST	/api/comment/	undefined
04.03.2025	 22.40.36	c59fd050-54bf-4d0e-95f8-80f91cdadc03	POST	/api/comment/	undefined
04.03.2025	 22.40.53	f9557c51-05c2-4ca4-90cb-4d9d35776b60	POST	/api/comment/	undefined
04.03.2025	 22.44.13	ded9150b-88af-4ebf-98b1-e3a0f8f5caa0	POST	/api/auth/login	undefined
04.03.2025	 22.45.36	e7669c76-3c40-487e-aae2-e6fabce75df7	POST	/api/auth/login	undefined
04.03.2025	 22.49.23	d85c7218-046c-48a0-ab1b-0c962ed14118	POST	/api/auth/login	undefined
04.03.2025	 22.50.02	2511ef81-c4d9-4514-8c9e-47368f0bc94c	POST	/api/auth/login	undefined
04.03.2025	 22.50.06	8ce81cc6-c953-43a1-ada0-95e220f7346f	POST	/api/auth/logout	undefined
04.03.2025	 22.50.12	1aac4aae-e043-4096-8419-6d4e78f62d08	POST	/api/auth/login	undefined
04.03.2025	 22.50.39	af0091f1-48c2-47e2-b20e-a7143f7c2ae9	POST	/api/auth/login	undefined
04.03.2025	 22.50.42	5ef3fb19-e2f6-4400-8428-9137654f77f0	POST	/api/auth/logout	undefined
04.03.2025	 22.50.49	1052b747-2a34-4f01-a4b6-f283aa610dbf	POST	/api/auth/login	undefined
04.03.2025	 22.51.29	e353c778-b31e-463e-87ca-0f1f16dc306c	POST	/api/auth/logout	undefined
04.03.2025	 22.53.59	db789019-6b30-41eb-a8c0-49f28a77df17	POST	/api/auth/login	undefined
04.03.2025	 22.54.06	034347fc-a08a-4cae-a3d5-3a6f948ebf49	POST	/api/auth/logout	undefined
04.03.2025	 22.55.09	5ac8bd3d-4941-4da5-9dc2-9f3c03f3edc8	POST	/api/auth/login	undefined
04.03.2025	 22.56.28	628f8303-78c1-4bd8-8448-d17b80647175	POST	/api/comment/	undefined
04.03.2025	 22.57.48	64f1e56e-e43b-40c5-a188-06f225fe2900	POST	/api/comment/	undefined
04.03.2025	 22.58.05	f17193a3-fda4-4cd1-80c3-3ad861b7e07c	POST	/api/auth/logout	undefined
04.03.2025	 22.58.10	d750b5c0-4a57-434d-b749-45f4c97176d8	POST	/api/auth/login	undefined
04.03.2025	 22.58.19	92dde051-7d06-4d94-b30b-dd785bd30e2f	POST	/api/comment/	undefined
04.03.2025	 23.01.30	2297f19c-38ce-47c5-aebb-33202c208c15	POST	/api/comment/	undefined
04.03.2025	 23.02.41	5d39c4fb-2b0d-424a-a4b0-803da702916a	POST	/api/comment/	undefined
04.03.2025	 23.10.43	d4b812ec-0795-4482-89d4-12d7499bc92f	POST	/api/comment/	undefined
04.03.2025	 23.11.26	09e12304-98d0-4d4e-8fae-c3defd2b359a	GET	/api/comments	undefined
04.03.2025	 23.11.29	b8d506f5-302a-40e8-8c1f-9eaa1fe0d88f	GET	/api/comment	undefined
04.03.2025	 23.12.01	e5e85405-5160-4e37-a1ad-3a2764d5b204	POST	/api/auth/logout	undefined
04.03.2025	 23.12.05	48b19e91-d394-4374-bdb2-2f4bbc0bba77	POST	/api/comment/	undefined
04.03.2025	 23.13.17	d3d1b6fd-e2b7-4af8-84b7-a1c95550d34e	POST	/api/comment/	undefined
04.03.2025	 23.13.22	1e82212d-0c9d-4963-80f2-158f758e7fcc	POST	/api/auth/login	undefined
04.03.2025	 23.13.26	2ec908ae-b8a6-4c57-ad66-eea97daa3a0b	POST	/api/comment/	undefined
04.03.2025	 23.13.31	875b9b4f-9abd-4313-8540-ba52e06a0b1f	POST	/api/auth/logout	undefined
04.03.2025	 23.13.34	5fc4c491-05d5-443d-a3cb-4b6f2859b87b	POST	/api/comment/	undefined
04.03.2025	 23.14.01	2648d6e8-9f63-4fd9-a05b-f1a27b210121	GET	/api/comment	undefined
04.03.2025	 23.15.03	18ec4977-9aff-41e9-be26-8f60e961188b	POST	/api/auth/login	undefined
04.03.2025	 23.15.12	0b8c798d-8b2c-4a55-b275-2c8f4b58b39d	GET	/api/comment	undefined
04.03.2025	 23.16.36	bc2542a4-f93d-4375-9751-0d71ccb2a7aa	GET	/api/comment	undefined
04.03.2025	 23.17.43	0707ea42-c460-4a95-b193-b036f78ffc69	GET	/api/comment	undefined
04.03.2025	 23.18.35	76851277-7c6f-4f53-9d62-5d55c95d3245	GET	/api/comment	undefined
04.03.2025	 23.19.52	73c981f1-7348-4bd5-969a-15330061c808	GET	/api/comment	undefined
04.03.2025	 23.19.54	54e0cc78-2305-4e0d-a698-7b39e59d626c	GET	/api/comment	undefined
04.03.2025	 23.19.55	4d239342-5343-4530-847f-67cc1922a6bc	GET	/favicon.ico	undefined
04.03.2025	 23.20.14	798b10bf-7a97-4c55-974c-4f3676103e2c	GET	/api/comment	undefined
04.03.2025	 23.20.15	198f08ea-48fe-4d34-a9da-865f5a539998	GET	/api/comment	undefined
04.03.2025	 23.20.15	df22116b-1e9a-47e2-9052-3bccb09adb3c	GET	/favicon.ico	undefined
04.03.2025	 23.20.16	93423cd3-3f94-4343-8a6e-46848e7ddc44	GET	/api/comment	undefined
04.03.2025	 23.20.17	cd887b21-ffb5-4404-a61b-fca979ddd9b2	GET	/api/comment	undefined
04.03.2025	 23.20.17	4ee3d7c7-8368-4a15-89da-aa1abb55b223	GET	/favicon.ico	undefined
04.03.2025	 23.20.17	06b70281-60d9-45f2-aa1c-304b5ce78393	GET	/api/comment	undefined
04.03.2025	 23.20.17	e6fcf0c4-e18c-45de-bd87-0983973c3f06	GET	/favicon.ico	undefined
04.03.2025	 23.20.17	fe854de0-bb30-453a-a437-f9d015dda355	GET	/api/comment	undefined
04.03.2025	 23.20.17	17357d0c-3c09-476c-a753-1ce38d98bbcc	GET	/favicon.ico	undefined
04.03.2025	 23.20.17	42a145f0-ddf7-45df-bd6b-8a183d1e9410	GET	/api/comment	undefined
04.03.2025	 23.20.17	4bcfaa62-bb29-4dfe-b45f-6227abae207c	GET	/favicon.ico	undefined
04.03.2025	 23.20.25	f0476fa9-ca70-4806-8568-e3353c2220b9	GET	/api/comment	undefined
04.03.2025	 23.20.26	5ea996ae-8f5b-4174-953c-06b28effafb4	GET	/api/comment	undefined
04.03.2025	 23.20.26	be5ef923-f9f1-4292-a12f-ee15ad52477a	GET	/api/comment	undefined
04.03.2025	 23.20.26	d271ff31-ae1b-4fc4-9b2d-7113aa7a4a02	GET	/favicon.ico	undefined
04.03.2025	 23.20.26	53ab6b99-f9f7-44af-8115-94353a2f0b26	GET	/favicon.ico	undefined
04.03.2025	 23.20.26	0bf8786b-d7ec-4639-96e4-3dda714632cf	GET	/api/comment	undefined
04.03.2025	 23.20.26	6a2b9e64-a901-4be7-bcd6-ffc7af3426dc	GET	/api/comment	undefined
04.03.2025	 23.20.26	1ccd784d-21b6-4e49-9a06-80e5a4540317	GET	/favicon.ico	undefined
04.03.2025	 23.20.27	788d8611-59e2-4e98-b1bb-876317772d43	GET	/api/comment	undefined
04.03.2025	 23.20.27	5bc43701-aae7-432d-ad24-880139f35ac4	GET	/favicon.ico	undefined
04.03.2025	 23.21.14	5ab03984-3e93-4664-a1d9-5b86ff32f16a	GET	/api/comment	undefined
04.03.2025	 23.21.17	cbf575ab-c4db-4b7b-aff2-e1bd76d79dcf	POST	/api/auth/login	undefined
04.03.2025	 23.21.20	55fa8041-cae8-4bfe-bc3f-30771de08f7d	GET	/api/comment	undefined
05.03.2025	 02.03.03	da8db0e8-5f6f-461d-9b30-f18aa6307cb4	GET	/	undefined
05.03.2025	 02.03.03	a50dc4be-053d-490e-aaa0-bbcfb791dfde	GET	/style.css	undefined
05.03.2025	 02.03.04	5c770b32-4313-4ac8-b3d7-6d57dadb9349	GET	/style.css	undefined
05.03.2025	 02.03.05	0cc2202f-ee24-46c4-bab7-70822f80900f	GET	/favicon.ico	undefined
05.03.2025	 13.17.11	49bcce1f-c0d2-41e0-8651-e87df8ae0667	GET	/	undefined
05.03.2025	 13.17.11	4b60393b-3ba8-4bbe-b39f-89fc7ccc26f0	GET	/style.css	undefined
05.03.2025	 13.17.11	015f220b-bf28-4c41-8858-3db6e3377415	GET	/style.css	undefined
05.03.2025	 13.17.12	640fc58d-7133-45e7-bb42-129934607499	GET	/favicon.ico	undefined
05.03.2025	 13.20.18	99ac265c-4009-4a39-b47d-98c7bfd00c0a	GET	/	undefined
05.03.2025	 13.20.18	4c47a23c-c85f-4019-a8c1-ddd35ec36e35	GET	/style.css	undefined
05.03.2025	 13.20.18	55698d13-84b3-4f1c-87a8-2b1934e83a7a	GET	/style.css	undefined
05.03.2025	 13.20.26	af9c15a1-1637-40a3-9064-1b2f1b8723bd	GET	/	undefined
05.03.2025	 13.20.26	187f10cd-c93d-427d-901c-8df0c99cbccd	GET	/style.css	undefined
05.03.2025	 13.20.53	7fc8e337-8e97-434c-bcc2-4261c534497c	GET	/	undefined
05.03.2025	 13.20.53	0ba04bc8-eef7-43c1-b17d-fe33cd6e24bd	GET	/style.css	undefined
05.03.2025	 13.20.53	66ed28f3-af2a-4aca-858f-c6bcc226b49e	GET	/style.css	undefined
05.03.2025	 13.21.22	ddbb28c2-6a86-4703-a995-a2e489b45f25	GET	/	undefined
05.03.2025	 13.21.22	108d8234-0e12-4f27-b8d0-0c5e61eb5654	GET	/style.css	undefined
05.03.2025	 13.22.00	98bab056-4b57-43fe-b3db-111d1d4bcb79	GET	/	undefined
05.03.2025	 13.22.00	d1b15c1c-1d11-4db3-9477-cd267d860517	GET	/style.css	undefined
05.03.2025	 13.25.22	6ac8cbe9-f87a-413f-a2e5-d4bf3fbfbc45	GET	/	undefined
05.03.2025	 13.25.22	01971747-4c46-42c4-9ff8-b90cd898bafa	GET	/style.css	undefined
05.03.2025	 13.25.22	4790829e-ce87-4df3-80d9-70bcab870279	GET	/style.css	undefined
05.03.2025	 13.26.53	9660d555-27c6-4cdd-aed7-1a2b88f6cde5	GET	/	undefined
05.03.2025	 13.41.35	886ac1d1-0888-4329-b0f7-35439ba30853	GET	/	undefined
05.03.2025	 13.41.44	1b786cc5-7d41-4f17-b404-035860a2cf13	GET	/buttons.html	undefined
05.03.2025	 13.52.56	ba407621-096f-4d6d-8bd5-e277813fe591	GET	/	undefined
05.03.2025	 13.53.07	5caf2105-6ab1-4c15-ad81-bd99dfc1c14a	GET	/	undefined
05.03.2025	 13.55.47	2f0844ca-752e-43eb-a96d-52a31267a85e	GET	/	undefined
05.03.2025	 13.55.51	bfc448d1-7dc6-466e-8e70-ecf5103c9a4e	GET	/login.html	undefined
05.03.2025	 13.58.18	b685b42c-efd5-4ed2-ac78-ad19a349d9ca	GET	/api/auth/login	undefined
05.03.2025	 13.58.18	bc9619bf-7695-4a9a-adf9-5006bb99b88d	GET	/api/auth/vendor/fontawesome-free/css/all.min.css	undefined
05.03.2025	 13.58.18	85adc622-b775-40b1-a882-72412dec5327	GET	/api/auth/css/sb-admin-2.min.css	undefined
05.03.2025	 13.58.18	8bc6e8df-6b7a-4dcc-92b1-568f467fe25d	GET	/api/auth/vendor/jquery/jquery.min.js	undefined
05.03.2025	 13.58.18	097ebfe5-42d5-43d9-b8ed-eabdc06b9d87	GET	/api/auth/vendor/bootstrap/js/bootstrap.bundle.min.js	undefined
05.03.2025	 13.58.18	dfed7070-fc15-406b-888b-9ebffc311675	GET	/api/auth/vendor/jquery-easing/jquery.easing.min.js	undefined
05.03.2025	 13.58.18	bcef6493-d3b4-4131-9265-b7a6e9826509	GET	/api/auth/js/sb-admin-2.min.js	undefined
05.03.2025	 14.05.01	b5dbe8ea-1e1d-4d8d-8a0d-a9dc4db87ffc	GET	/index	undefined
05.03.2025	 14.06.14	9a32c7f0-ff35-422c-9e20-74979f468568	GET	/index	undefined
05.03.2025	 14.11.30	2708ec8a-76ca-47e2-9fb9-011ae694e8fb	GET	/index	undefined
05.03.2025	 14.11.47	2a68d356-1e23-42f5-a673-3790f44f632b	GET	/index	undefined
05.03.2025	 14.12.16	12dd0c64-047f-416a-bf5d-4842ae427ad4	GET	/index	undefined
05.03.2025	 14.12.46	b477042e-a7d0-4a5d-af02-17441afbd566	GET	/index	undefined
05.03.2025	 14.13.09	27acb8b5-29ec-47f9-8394-f34e5258923b	GET	/index	undefined
05.03.2025	 14.19.11	98da7891-99e3-458d-8600-0e61f432bcee	GET	/index	undefined
05.03.2025	 14.19.21	96c97909-b703-4dfc-9b3e-d8fc9d301703	GET	/index	undefined
05.03.2025	 14.19.21	7f67245e-6fcd-4840-ac04-9147e3a342e9	GET	/index	undefined
05.03.2025	 14.19.34	6aed7ddf-aaa0-4f8c-bbf5-5877f50eb614	GET	/index	undefined
05.03.2025	 14.19.35	1820bfc7-a0a9-458a-a75b-71f8a2e90885	GET	/index	undefined
05.03.2025	 14.20.02	dc73b8da-4cb3-4a4d-9d63-e36a8f24e7fa	GET	/index	undefined
05.03.2025	 14.20.05	cc3f58c7-fe6c-458e-8782-3d856f4ab4df	GET	/	undefined
05.03.2025	 14.20.33	6ea6d6f8-3465-4a24-a94c-fca2314caf15	GET	/pass-forget	undefined
05.03.2025	 14.23.34	78cf270f-e22d-4329-8f4d-f1fadb6a8df0	GET	/pass-forget	undefined
05.03.2025	 14.23.38	57f4367f-aea7-451e-b406-4d42a78eaef7	GET	/	undefined
05.03.2025	 14.30.24	cd1edcf7-d10f-4f7f-aee2-4e8ce339c2ae	GET	/index	undefined
05.03.2025	 14.30.27	84cf906a-f31d-45cc-9400-79772afdefc6	GET	/	undefined
05.03.2025	 14.31.12	b7e1d817-9281-4bee-af87-109eb8fda7dd	GET	/	undefined
05.03.2025	 14.31.17	14fe1a63-c5b1-4285-bbd6-ed5421c0bad3	GET	/	undefined
05.03.2025	 14.31.23	9501670d-dc87-49e4-bdda-c67c3ff5357f	GET	/index	undefined
05.03.2025	 14.31.35	c4fdd6e1-1065-4c45-bb20-6d8be59448b4	GET	/index	undefined
05.03.2025	 14.31.36	a4bda8f1-cf30-4c6c-8e85-cdd33843948b	GET	/	undefined
05.03.2025	 14.31.41	83baccf2-1229-49c2-929d-fc1654eba873	GET	/login.html	undefined
05.03.2025	 14.32.41	a424c446-d355-4648-89bd-6c528ef985b6	GET	/blank	undefined
05.03.2025	 14.40.28	d599420d-e094-483b-9ab4-2f9e8899e627	GET	/blank	undefined
05.03.2025	 14.40.37	59662e05-e0aa-476a-b158-be3af6e06fa5	GET	/login.html	undefined
05.03.2025	 14.40.40	83281bf3-a2ac-42ae-9739-187cb51bc67d	GET	/404.html	undefined
05.03.2025	 14.47.13	16672abd-a5a0-4be8-b97e-f55530384d45	GET	/blank	undefined
05.03.2025	 14.47.19	8890a133-0351-46f6-ab6c-4d8271cb57ed	GET	/blank	undefined
05.03.2025	 14.47.40	6d414fde-f153-4364-8d80-851d962cccb9	GET	/blank	undefined
05.03.2025	 14.47.43	247b71b1-edc9-4548-9b2c-3b76ab8afb31	GET	/register.html	undefined
05.03.2025	 14.49.06	992c0019-2655-4afa-87a2-776e4f1b2576	GET	/blank	undefined
05.03.2025	 14.49.08	1a93a2e1-7e61-43ec-8a51-085a4e08b3a1	GET	/blank	undefined
05.03.2025	 14.49.30	01931ea3-7c02-4fbe-b8b2-af98f3f64f88	GET	/blank	undefined
05.03.2025	 14.49.50	49907fb4-ad43-480c-86e2-56591564177d	GET	/blank	undefined
05.03.2025	 14.49.58	c97c3c26-1d40-4a2b-9359-40b3f9b25bba	GET	/blank	undefined
05.03.2025	 14.51.09	57279ff1-5af1-41f9-b0fb-7e1237e59621	GET	/index.html	undefined
05.03.2025	 14.51.23	dcc1405c-23ac-4baf-a53b-af201ea7af92	GET	/index.html	undefined
05.03.2025	 14.51.30	4174be72-2c52-4180-ac92-ad57a5912041	GET	/blank	undefined
05.03.2025	 14.51.35	4021d605-19d1-442f-bc71-a9fe54719e17	GET	/index	undefined
05.03.2025	 14.51.42	872a9027-9f32-4909-85ea-8a9e47417c68	GET	/index	undefined
05.03.2025	 14.51.47	57686a54-6280-4c7e-b052-5ba3e75659d7	GET	/index	undefined
05.03.2025	 14.52.57	d720afe6-b2ce-411e-a352-bbecc90815e7	GET	/index	undefined
05.03.2025	 14.53.04	cf1ae34d-44ac-4d77-b2b3-84ee8a095188	GET	/login.html	undefined
05.03.2025	 14.54.34	7ed9d878-ae02-4d7e-8fbf-873a1a78ed9b	GET	/blank	undefined
05.03.2025	 14.55.30	a19c1fad-7522-472d-8f32-37bd3a573d70	GET	/blank	undefined
05.03.2025	 14.55.55	e9e6ec70-3197-47b9-ab12-50e8103e9a0a	GET	/blank	undefined
05.03.2025	 14.57.51	8f59217a-13e4-4e25-886f-84d5141a539c	GET	/blank	undefined
05.03.2025	 14.58.00	a05d9e04-4e10-4832-81ab-a2b333313a60	GET	/index.html	undefined
05.03.2025	 14.58.02	7cd4d910-7e20-46ea-b715-15dce0c45ddf	GET	/	undefined
05.03.2025	 14.58.23	7cfae975-79d9-4b71-ae87-359b054ca150	GET	/index.html	undefined
05.03.2025	 14.59.02	06f0b6a5-6671-4881-bc6d-b72de26d1692	GET	/blank	undefined
05.03.2025	 14.59.15	cb91e6b3-d0d3-4fef-ad11-2a7bf0cd46ec	GET	/	undefined
05.03.2025	 14.59.21	d1c46dae-c3a4-4c8e-9611-e82b015219da	GET	/	undefined
05.03.2025	 14.59.38	1675e349-ee55-4b89-820f-b0259076817f	GET	/	undefined
05.03.2025	 14.59.41	0bacd959-53f9-4d90-99c5-cbaee3d03aea	GET	/index.html	undefined
05.03.2025	 14.59.43	a79ce92b-8905-44ec-b5d0-58efc4c9c338	GET	/	undefined
05.03.2025	 14.59.58	88ac39d7-1882-45c8-ae2f-0a646c6b5b54	GET	/	undefined
05.03.2025	 15.00.18	df0e0943-fb21-48e8-84c0-0743c35c524d	GET	/	undefined
05.03.2025	 15.00.23	65bf74ce-5065-468b-8928-940954ade597	GET	/indx	undefined
05.03.2025	 15.00.26	c335cd13-c4da-4c94-86cd-27f9851e35ff	GET	/index	undefined
05.03.2025	 15.01.44	d09cf34a-24eb-4a70-8d61-62f05abd84e6	GET	/	undefined
05.03.2025	 15.01.48	b0a6dcda-4256-4dcf-a9e4-60949e794985	GET	/	undefined
05.03.2025	 15.01.50	bc65d31f-eea6-4b9f-8aa4-8fb047437ef1	GET	/	undefined
05.03.2025	 15.01.51	930b354b-8909-41c9-8cc8-14679ce1b567	GET	/	undefined
05.03.2025	 15.01.54	dd4419bb-1647-4869-bbdb-742ff4a0461b	GET	/index.html	undefined
05.03.2025	 15.01.59	5245287a-4749-4879-bb33-b7a85034406f	GET	/index.html	undefined
05.03.2025	 15.02.09	8716eb71-f1a4-440a-baea-b49bc6ae749d	GET	/index.html	undefined
05.03.2025	 15.02.10	60dea1dc-a473-453f-b157-4c952a64f0f2	GET	/	undefined
05.03.2025	 15.03.21	89327d00-d1bc-47fe-a480-502a14feddd1	GET	/blank	undefined
05.03.2025	 15.03.21	6d29d1f1-379b-4d07-8c24-cd88f6ad6a54	GET	/favicon.ico	undefined
05.03.2025	 15.03.25	90e5aa1c-52f4-470f-bd3b-5c830e68ee51	GET	/login	undefined
05.03.2025	 15.05.18	b0b08a1a-2802-42dc-9bfa-f17f4ae0195b	GET	/login	undefined
05.03.2025	 15.05.50	9dc38ccc-da8e-4a9d-a449-398333570284	GET	/blank	undefined
05.03.2025	 15.05.51	00072584-6476-4392-9ed2-661d21ec4940	GET	/	undefined
05.03.2025	 15.05.51	e2da6a30-2ed5-4878-bedb-a44bb3f224c9	GET	/index	undefined
05.03.2025	 15.06.57	9e75f4b3-5dbe-4a35-9696-5ad89e9cfb91	GET	/	undefined
05.03.2025	 15.06.57	7f27153b-c3d8-4a75-8495-921054d4a42f	GET	/index	undefined
05.03.2025	 15.08.03	a4a27ff0-7271-420c-acbf-72c372194f0e	GET	/home	undefined
05.03.2025	 15.08.40	c777251a-f693-496e-8415-017e9eb23dd9	GET	/home	undefined
05.03.2025	 15.09.04	c0bbc738-4174-48f3-85eb-3d7461d36f97	GET	/blank	undefined
05.03.2025	 15.09.05	ff117b78-afb2-4a2d-9b58-c13f6586c1f7	GET	/home	undefined
05.03.2025	 15.09.07	0382bd91-9714-4718-988f-4df26239e019	GET	/home	undefined
05.03.2025	 15.09.44	1c425e36-8591-4041-99a4-9e20bf3430ac	GET	/index.html	undefined
05.03.2025	 15.10.04	45061c9f-a456-4d86-8400-58c87374ccc3	GET	/blank	undefined
05.03.2025	 15.10.06	73967cfd-047c-4f0c-a663-003bc95442d9	GET	/home	undefined
05.03.2025	 15.10.09	37752176-6b11-4311-924e-d5cda27b6019	GET	/blank	undefined
05.03.2025	 15.10.12	96784732-0bcd-44ba-ada2-895e0146005a	GET	/blank	undefined
05.03.2025	 15.10.16	f6acec2b-d6ce-4b60-be1b-83db8adebb1a	GET	/home	undefined
05.03.2025	 15.10.19	b917500b-9a93-4ecb-8267-79e6c3f67707	GET	/index.html	undefined
05.03.2025	 15.10.21	26cf3749-ad3b-493e-b64c-24a52653dfb0	GET	/index.html	undefined
05.03.2025	 15.10.28	33d58bd8-3436-4af0-9710-fba2133519aa	GET	/utilities-color.html	undefined
05.03.2025	 15.11.15	cd49eaac-65f3-4244-8655-0878b7219d0f	GET	/utilities-border.html	undefined
05.03.2025	 15.12.58	4483f32b-54c7-41ef-bbb8-ffb82786ec47	GET	/blank	undefined
05.03.2025	 15.13.00	75a9816f-68ec-4491-b6b3-ad727a773430	GET	/blank	undefined
05.03.2025	 15.13.02	3dd49edc-01ff-4679-b639-9cc680e2cc05	GET	/blank	undefined
05.03.2025	 15.13.03	ed1d4d32-4ac3-4e7f-9c02-ba6d45baeb0f	GET	/forgot-password	undefined
05.03.2025	 15.13.06	e5abc3a6-a7be-4ccb-8862-18ddc2be4f6b	GET	/forgot-password	undefined
05.03.2025	 15.13.43	413c9ccf-fc35-4a4d-976c-4a0de976a750	GET	/forgot-password	undefined
05.03.2025	 15.13.45	5b8f17ed-5304-45cc-a367-af24e137fb78	GET	/forgot-password	undefined
05.03.2025	 15.13.55	eee249e9-edf7-46b3-b951-c261ce241be4	GET	/forgot-password	undefined
05.03.2025	 15.14.07	d806dfe6-3d4b-4f21-bf8b-a7ebebb684b4	GET	/blank	undefined
05.03.2025	 15.14.08	975538d5-d0b7-467b-8a8e-572593e584ac	GET	/tables	undefined
05.03.2025	 15.15.06	23809be2-a463-4034-bf23-2c6d96849869	GET	/blank	undefined
05.03.2025	 15.15.11	6c15b6d8-fefb-4895-89aa-6b96b0a56556	GET	/tables	undefined
05.03.2025	 15.16.21	4ae0756a-d9e6-4c28-ad65-903384dbf72f	GET	/tables	undefined
05.03.2025	 15.16.28	f6c5690a-433e-4f29-9a97-78943a324e9a	GET	/tables	undefined
05.03.2025	 15.16.29	a6a15967-09f8-48f8-8b97-6a2647f03d9c	GET	/favicon.ico	undefined
05.03.2025	 15.17.14	4e7b1b66-a483-4c62-94d9-b0f056b4155f	GET	/tables	undefined
05.03.2025	 15.17.22	e3a1fa16-83ed-4a5a-b19d-b9118626fcde	GET	/index.html	undefined
05.03.2025	 15.20.36	8536f150-897b-45ab-9105-d75f123b5e48	GET	/index.html	undefined
05.03.2025	 15.20.42	493a1256-8529-42ac-a77c-14d80506abce	GET	/blank	undefined
05.03.2025	 15.20.43	0db80c2f-d726-4f26-8108-c0768d65a4e0	GET	/home	undefined
05.03.2025	 15.20.45	4445c41c-4925-4e62-8263-5c4bf78eef2b	GET	/home	undefined
05.03.2025	 15.21.02	8e105850-a8cb-4e24-a879-079ad8c74132	GET	/home	undefined
05.03.2025	 15.23.36	46f2044e-849e-4596-95f4-e89e3b8ad1f8	GET	/home	undefined
05.03.2025	 15.23.52	73a0c59a-cf61-4512-b9eb-9a7d7952309e	GET	/home	undefined
05.03.2025	 15.25.19	fd672cf8-01f3-4cb9-978f-241e5a6afc4f	GET	/home	undefined
05.03.2025	 15.25.21	4972377b-9de8-4d19-aa0f-c029f34363a0	GET	/register	undefined
05.03.2025	 15.25.25	666ca24b-7f38-4c09-bb38-557684350146	GET	/home	undefined
05.03.2025	 15.25.44	9ea480bf-b7e8-46a2-a5a3-20a99abfe310	GET	/home	undefined
05.03.2025	 15.25.48	b2526d66-9c39-41f3-96b0-c85522436f00	GET	/home	undefined
05.03.2025	 15.25.49	baba6100-5961-40dd-971a-fea8e7936b6f	GET	/home	undefined
05.03.2025	 15.25.51	9eaa39f1-52fc-485d-9aff-063ec679b133	GET	/home	undefined
05.03.2025	 15.25.51	62cdfcb0-51e6-4f68-807d-795789ad0801	GET	/home	undefined
05.03.2025	 15.25.51	a6004ad3-2479-435d-bbba-7be27a47b8a0	GET	/home	undefined
05.03.2025	 15.25.52	31f9f025-2854-4fa9-a1d8-cfb0d956e7da	GET	/home	undefined
05.03.2025	 15.26.03	af208977-e17a-4ee3-be86-2ee8172f57b5	GET	/home	undefined
05.03.2025	 15.26.43	878fa451-6ff2-4314-b4b8-a4785e5c839c	GET	/home	undefined
05.03.2025	 15.26.45	1a107037-53e6-440a-acc0-980d0726a71f	GET	/home	undefined
05.03.2025	 15.26.55	4dcd4a94-b43c-4594-ba47-3a2b64b5f222	GET	/home	undefined
05.03.2025	 15.26.58	6dd5fede-9de0-4509-9c55-56e46f96b938	GET	/blank	undefined
05.03.2025	 15.28.25	892080ae-8259-4040-bf52-9d8d456e8d5f	GET	/home	undefined
05.03.2025	 15.28.27	6340a188-64c1-43e9-b56f-895d73a59f19	GET	/blank	undefined
05.03.2025	 15.28.29	30d983b5-b5f5-48da-9ac9-0e2a3ab449b6	GET	/blank	undefined
05.03.2025	 15.28.30	3f400b5e-4df7-4b71-b6e9-7c279fd4d094	GET	/blank	undefined
05.03.2025	 15.28.31	4f334ae8-a105-4e0e-a5ee-21c2ba2e8361	GET	/blank	undefined
05.03.2025	 15.28.34	0b9b69d2-7089-4072-bd3f-fadb0b6a34f8	GET	/home	undefined
05.03.2025	 15.29.17	39db063f-e629-4ab2-ab5b-539b1abe7d4d	GET	/blank	undefined
05.03.2025	 15.31.12	c9b39a9e-37cd-4386-943e-072af873158a	GET	/blank	undefined
05.03.2025	 15.31.30	13e650c1-00a4-4e76-a79d-2814d8cb4f6f	GET	/blank	undefined
05.03.2025	 15.31.45	877e82cd-093c-46a9-80a5-987bc77f7947	GET	/blank	undefined
05.03.2025	 15.33.15	73b86dbb-41de-4055-a38d-19cab45f71f6	GET	/blank	undefined
05.03.2025	 15.33.51	041fb500-1b5d-4225-8b48-20986f40656a	GET	/blank	undefined
05.03.2025	 15.33.52	13328503-8da0-43bc-a227-bec4dcc2b8fb	GET	/blank	undefined
05.03.2025	 15.34.09	8faf17b0-78c6-4ff0-a2a0-8961598c0493	GET	/blank	undefined
05.03.2025	 15.34.21	83024c6f-8373-4eaa-8a5c-423cac71baf8	GET	/login.html	undefined
05.03.2025	 15.34.56	665cabc6-c4d3-4952-8743-b130732ea66a	GET	/blank	undefined
05.03.2025	 15.35.02	d2ca9de2-9922-445c-9b94-f084d874ebc5	GET	/home	undefined
05.03.2025	 15.35.18	d8b64107-fc45-4545-a9a9-f0ff06356d2e	GET	/home	undefined
05.03.2025	 15.35.20	431c5911-79fe-4f1f-a806-5cb3a83add6c	GET	/login	undefined
05.03.2025	 15.38.30	700f26b3-8c35-4343-94f6-409c9d23fbce	GET	/tables	undefined
05.03.2025	 15.38.55	26b7120e-a8bf-41c9-b60d-f3bf3537c269	GET	/tables	undefined
05.03.2025	 15.38.58	fdf8f682-ae9f-46c9-a778-13e1c9ae5dbf	GET	/tables	undefined
05.03.2025	 15.39.13	80da903f-996d-474a-b423-64c6b2577389	GET	/tables	undefined
05.03.2025	 15.39.18	27ae4722-8b02-4c58-831c-ae70cf56f014	GET	/tables	undefined
05.03.2025	 15.39.20	45f111f8-38ec-41c8-bdf9-9ea401b2c2f5	GET	/blank	undefined
05.03.2025	 15.39.22	09d04edb-1112-4b3f-b497-8e24feaeba16	GET	/login	undefined
05.03.2025	 15.39.26	d854c8ef-4bdc-4a73-bcec-9fbe3090e33c	GET	/blank	undefined
05.03.2025	 15.39.27	3458719c-0ac4-4342-a523-3eebdab30946	GET	/blank	undefined
05.03.2025	 15.39.28	b8697ea3-159b-4afd-8d11-1fb67402dbd1	GET	/home	undefined
05.03.2025	 15.39.30	ca5720e7-f5bc-433b-aa31-d46afcf5f3a0	GET	/login	undefined
05.03.2025	 15.39.55	4bbf6ecd-7881-4195-b755-c24bf0420a5c	GET	/login	undefined
05.03.2025	 15.49.15	d1648332-ecc3-46eb-8a49-d682a0dd6fff	GET	/login	undefined
05.03.2025	 15.49.30	9ff58e44-e38a-4916-a40e-038ec2bdd3ca	GET	/login	undefined
05.03.2025	 15.49.40	8027b066-ab25-4a22-a722-0ac3762e3b98	GET	/login	undefined
05.03.2025	 15.49.48	5403d26b-9d6f-41a5-9606-d42f7d70d01d	GET	/login	undefined
05.03.2025	 15.49.55	927cc54e-518a-4cd8-878a-0f2bb6a793b7	GET	/login	undefined
05.03.2025	 15.50.06	20c89454-8206-40ee-b4e1-7d704d1c35b6	GET	/login	undefined
05.03.2025	 15.50.13	27005c4b-a2fd-4731-b8e5-ad3e8e443964	GET	/login	undefined
05.03.2025	 15.50.26	011875d1-6ca0-4bfa-90a3-521c5cb15dae	GET	/login	undefined
05.03.2025	 15.50.31	4f25dc91-4588-497c-a8fe-9bef8c374e5a	GET	/login	undefined
05.03.2025	 15.50.37	9d13c926-a8f7-41d0-8a09-ed310e1ced37	GET	/login	undefined
05.03.2025	 15.50.58	0babba7d-bb8d-42d7-8a0b-f4a6c472f11d	GET	/login	undefined
05.03.2025	 15.51.18	b16d8d97-2f89-4de8-8ecf-48ee3a93f8eb	GET	/register	undefined
05.03.2025	 15.51.22	b6105506-01ef-46c1-9e06-833df9144ffe	GET	/register	undefined
05.03.2025	 15.52.09	583a5167-2c9f-42f2-84e2-52840c359060	GET	/login.html	undefined
05.03.2025	 15.52.18	c9817811-6a40-4c81-b1cc-4188414dc13c	GET	/login	undefined
05.03.2025	 15.53.08	367936ab-af07-4f4d-bf75-80ef23581f14	GET	/login	undefined
05.03.2025	 15.53.13	ff29fd30-c5e9-4896-a7df-6f0db5ca9a20	GET	/register	undefined
05.03.2025	 15.53.16	b3de0d47-6e7d-4253-b7a1-2612cff1b124	GET	/forgot-password.html	undefined
05.03.2025	 15.53.21	d63cafb9-2c6f-40da-b92b-34056bd35bf7	GET	/forgot-password	undefined
05.03.2025	 15.53.41	19c8d48e-7b74-4179-a243-b592609ddb14	GET	/forgot-password	undefined
05.03.2025	 15.53.50	0f12d366-488c-4d6c-88ff-4f5c235fe305	GET	/forgot-password	undefined
05.03.2025	 15.54.06	d7159575-447f-4f79-9171-c8307ff4e837	GET	/forgot-password	undefined
05.03.2025	 15.54.16	b43f42fa-9063-48e6-a618-90d2c22f44ff	GET	/login	undefined
05.03.2025	 15.54.39	0bc766be-8f78-4744-b4a4-d5e536b26a28	GET	/login	undefined
05.03.2025	 15.55.29	cc4c7146-62aa-42fb-a17d-4b9895d8a181	GET	/login	undefined
05.03.2025	 15.55.48	940cf73e-c45c-4581-bb8e-c9400b4fc6f2	GET	/login	undefined
05.03.2025	 15.55.57	4e28b752-e8e0-4368-b644-86dc637e390f	GET	/login	undefined
05.03.2025	 15.56.22	7f2b7251-5f36-4c01-aa6d-ce93004ea707	GET	/login	undefined
05.03.2025	 16.00.36	9f809c47-7ac3-4116-8554-3fdf13c925d9	GET	/login	undefined
05.03.2025	 16.02.39	24451c21-1a22-4047-8350-6b901f7c5450	GET	/login	undefined
05.03.2025	 16.02.42	e18c60ca-384c-401f-bc2a-0aed255f5118	GET	/login	undefined
05.03.2025	 16.02.42	775f9394-5402-46c8-add7-1b5ba5f9a3a8	GET	/favicon.ico	undefined
05.03.2025	 16.05.24	3b170c37-8fb0-4139-8bbe-fecbba66b08e	POST	/login	http://localhost:5000
05.03.2025	 16.06.16	4f97000e-3df7-431f-9b91-9f2b22287ffd	POST	/login	http://localhost:5000
05.03.2025	 16.06.19	0375eb1e-0306-4307-b547-ec2e723e2e8b	GET	/login	undefined
05.03.2025	 16.06.20	fdc855ab-ba9d-43da-9bf2-ef5529986da1	GET	/favicon.ico	undefined
05.03.2025	 16.06.23	638d4f5d-57e1-4ecf-a457-bf9fa65d5645	POST	/api/auth/login	http://localhost:5000
05.03.2025	 16.06.29	52e69348-7d02-4ff3-a0c0-ac78261e10de	POST	/api/auth/login	http://localhost:5000
05.03.2025	 16.06.34	23fd5d95-a8f0-4ccd-b0fb-a0df37541643	POST	/api/auth/login	http://localhost:5000
05.03.2025	 16.06.48	e2b61268-0608-4e8e-acec-25742d3f098c	POST	/api/auth/login	http://localhost:5000
05.03.2025	 16.08.57	a1ff7b43-543b-4ae4-ae36-26d53ffb9e87	POST	/api/auth/login	http://localhost:5000
05.03.2025	 16.11.28	6f32c9df-44c6-439c-b972-aded2dd568d2	POST	/api/auth/login	http://localhost:5000
05.03.2025	 16.11.44	94716048-ced6-48de-8939-405a0a49c15f	POST	/api/auth/login	http://localhost:5000
05.03.2025	 16.11.44	85c34725-7051-441b-8845-146c512661be	GET	/home	undefined
05.03.2025	 16.11.46	24ecf134-c073-4353-a9f5-8c78aa892ca7	GET	/home	undefined
05.03.2025	 16.11.48	d0672cdd-2e16-4e1d-9b93-7ff0eefd4121	GET	/blank	undefined
05.03.2025	 16.11.49	da30c13b-3d6e-4b0d-94c7-22b393553631	GET	/register	undefined
05.03.2025	 16.11.54	1c6ddba5-64b0-44fc-8e85-62d2bfef7819	GET	/blank	undefined
05.03.2025	 16.12.08	652c440c-ac60-4820-905d-6ae97138e217	GET	/login	undefined
05.03.2025	 16.14.23	b23344b4-538b-445f-a12b-5f721c23d711	POST	/api/auth/login	http://localhost:5000
05.03.2025	 16.14.29	cca9c537-0e4f-4704-8fe3-1c536e98494d	POST	/api/auth/login	http://localhost:5000
05.03.2025	 16.14.29	4781c334-d89e-47f6-a0f7-7449b159ed16	GET	/home	undefined
05.03.2025	 16.14.32	88205825-e05b-4eed-99b7-099e366cda25	GET	/login.html	undefined
05.03.2025	 16.15.57	d510e4c9-4802-48c3-9de3-c3a9c9b4cdcb	GET	/home	undefined
05.03.2025	 16.16.00	79f27dcf-8384-4a52-a49f-24168bd48f1c	POST	/api/auth/login	http://localhost:5000
05.03.2025	 16.16.00	b840049e-a2e9-45ac-8f78-bbc2ffd6d69a	GET	/home	undefined
05.03.2025	 16.16.03	2574475a-a1a4-432f-85e5-4b43cde3130f	GET	/login.html	undefined
05.03.2025	 16.18.40	692e08c9-aa8b-4e82-ba5a-7f2241ef3da2	GET	/home	undefined
05.03.2025	 16.18.43	35dd896f-5b80-4779-9af8-963866e97638	POST	/api/auth/login	http://localhost:5000
05.03.2025	 16.18.43	0335e757-11b4-4c79-ab3f-96b43723c166	GET	/home	undefined
05.03.2025	 16.18.48	c12e9d33-19a3-4fc7-83de-1e1ab0b21404	GET	/login.html	undefined
05.03.2025	 16.19.26	8e9190f3-7ae3-4206-a497-1efb97ac5204	GET	/home	undefined
05.03.2025	 16.19.48	ca6d0d85-43c6-432c-abc1-87582506806a	GET	/home	undefined
05.03.2025	 16.19.50	7908c5dc-dd47-4027-85e8-d8ecb66c3b67	GET	/home	undefined
05.03.2025	 16.19.52	f4a1f093-758e-4a00-9862-2cbb30e46e22	POST	/api/auth/login	http://localhost:5000
05.03.2025	 16.19.53	916979e1-5c3f-4284-8802-03faab382456	GET	/home	undefined
05.03.2025	 16.23.57	bce74759-dc00-4362-aef2-05a28bd629cf	GET	/home	undefined
05.03.2025	 16.23.59	23afc859-935d-41c8-83da-16706864947b	GET	/home	undefined
05.03.2025	 16.24.01	eeb35914-298c-4b03-8a85-4c124487f32d	POST	/api/auth/login	http://localhost:5000
05.03.2025	 16.24.01	7a029c33-126e-480b-a4a6-cc6769d9693c	GET	/home	undefined
05.03.2025	 16.24.05	dbb70385-66e8-470c-891d-7de4af5f17e7	POST	/api/auth/logout	http://localhost:5000
05.03.2025	 16.26.44	0510804f-cc7e-4bf5-b8fa-5b5a0b5c9834	POST	/api/auth/logout	http://localhost:5000
05.03.2025	 16.26.57	a08d1ea0-59c6-4ead-914c-a20a7f518e3f	GET	/home	undefined
05.03.2025	 16.51.53	b4238044-8e83-4cd7-9c18-068ca90f9f07	GET	/api/users/	undefined
05.03.2025	 16.52.24	3c908e74-ea45-45dc-af91-5d3e5ccbaeea	POST	/api/auth/login	undefined
05.03.2025	 16.52.24	48c6d5a5-6675-484c-adbd-83f4c808d32c	GET	/home	undefined
05.03.2025	 16.52.28	7e9ec9db-af1e-4f21-9a2f-c95e2501c6fa	POST	/api/auth/login	undefined
05.03.2025	 16.52.29	8b1c397d-bbde-4193-ad3f-a3c04f3e7f94	GET	/home	undefined
05.03.2025	 16.52.59	aaef9e77-4ff5-493e-8505-6515bdbcec11	GET	/api/users/	undefined
05.03.2025	 16.53.17	19a6f3da-04eb-4e43-a343-b8f090060f38	GET	/api/meals/day	undefined
05.03.2025	 16.53.26	19cc7f42-a231-4f1a-a9df-c8122908f757	GET	/api/meals/week	undefined
05.03.2025	 16.53.37	4362b413-6268-4845-9ef8-78eaa139294d	GET	/api/meals/	undefined
05.03.2025	 16.53.51	87c8994f-c70b-41cb-a324-549a389b035b	GET	/api/comment	undefined
05.03.2025	 16.53.56	f839fabb-67ed-497a-984c-f71ef033762d	POST	/api/auth/login	undefined
05.03.2025	 16.53.56	1ce1f884-8665-467a-b9b9-816ff0366ad7	GET	/home	undefined
05.03.2025	 16.54.00	1f6c968c-3173-42ca-8c7a-c8457fc6f0af	GET	/api/comment	undefined
05.03.2025	 16.54.40	5df8277c-a02c-4b96-8865-d281058fcfe0	POST	/api/comment/	undefined
05.03.2025	 16.55.08	aaa72669-2f90-4193-964f-9f0a78e1cba0	POST	/api/auth/register	undefined
05.03.2025	 16.55.52	3f92f4f7-c29c-4d89-9035-7d3a38dca09f	POST	/api/auth/register	undefined
05.03.2025	 16.56.32	ce635119-baa8-4985-8dab-255e71d64720	POST	/api/auth/login	undefined
05.03.2025	 16.57.03	5c0703ba-b271-48bb-9892-053811fbbf7c	POST	/api/auth/login	http://localhost:5000
05.03.2025	 16.57.03	647c36b9-ed5d-41c6-a6d8-5d20493e692c	GET	/home	undefined
05.03.2025	 16.57.09	28c1b58d-611c-476f-80cf-688dc15943b7	GET	/blank	undefined
05.03.2025	 16.57.10	2a7b1fe5-23ce-40f1-af46-baa39f6fc39b	GET	/blank	undefined
05.03.2025	 16.57.12	0110f724-6266-4a8c-863d-b0982fc44fb8	GET	/register	undefined
05.03.2025	 16.57.15	5b13e207-1c96-4896-8776-0cefbe00ddeb	GET	/404	undefined
05.03.2025	 16.57.54	5fe11b84-eca7-45f6-a0ac-3d053b3c880a	POST	/api/auth/login	undefined
05.03.2025	 17.01.26	0de072be-1b0b-4e07-b8d1-139f04a8b455	GET	/blank	undefined
05.03.2025	 17.03.49	b913a558-7ca2-4910-8830-9cbae6d46420	GET	/blank	undefined
05.03.2025	 17.03.59	2c5a49c4-981a-4cb3-a30c-ed2278651dee	GET	/mustafa/ahmet	undefined
05.03.2025	 17.04.31	a3defdb8-b3f7-4822-ae33-03e0888caa63	GET	/mustafa/ahmet	undefined
05.03.2025	 17.04.31	005dec56-62aa-4f5a-bcf7-51851ca8c978	GET	/mustafa/vendor/fontawesome-free/css/all.min.css	undefined
05.03.2025	 17.04.31	2cd04a65-9f79-45cd-a7cd-306414b45daf	GET	/mustafa/img/undraw_profile_1.svg	undefined
05.03.2025	 17.04.31	72d61fd9-968a-4aaf-9179-2d8756087f4a	GET	/mustafa/img/undraw_profile_3.svg	undefined
05.03.2025	 17.04.31	348d380f-9a17-4a16-9430-951b5d5b3fea	GET	/mustafa/img/undraw_profile_2.svg	undefined
05.03.2025	 17.04.31	fff82be5-fe5c-4e9d-9f90-0c08c1a1e094	GET	/mustafa/img/undraw_profile.svg	undefined
05.03.2025	 17.04.46	9a56f99e-7c90-42ff-b1dc-c5fc15bc8a99	GET	/mustafa/vendor/fontawesome-free/css/all.min.css	undefined
05.03.2025	 17.05.21	60f32e45-d37e-46ee-a24d-156c8b18ae97	GET	/mustafa/ahmet	undefined
05.03.2025	 17.06.33	6d77c09c-ec9a-4b6c-9d4f-2a2f502eced0	GET	/login	undefined
05.03.2025	 17.07.00	6b8ec537-0033-4139-853b-4d3b4c78e09d	POST	/api/auth%20/login	http://localhost:5000
05.03.2025	 17.07.05	2156ec1f-e965-4722-8f5c-24601959da45	POST	/api/auth%20/login	http://localhost:5000
05.03.2025	 17.07.27	78012be1-2858-4500-9379-d89447130ec4	POST	/api/auth%20/login	http://localhost:5000
05.03.2025	 17.07.37	2e189c1e-9fd7-4305-abfc-2a9b409d5508	POST	/api/auth%20/login	http://localhost:5000
05.03.2025	 17.07.54	9be8bbe8-7e6c-45bb-a515-4d814f1a5ccb	POST	/api/auth%20/login	http://localhost:5000
05.03.2025	 17.07.59	9377b41e-6673-40c6-83f6-213a3ca0fae2	GET	/api/auth/login	undefined
05.03.2025	 17.07.59	3da61e8d-1ed2-4821-ae9a-8a10433a626b	GET	/api/auth/vendor/fontawesome-free/css/all.min.css	undefined
05.03.2025	 17.07.59	80434ed2-2412-4f97-8c88-831a14a7de66	GET	/api/auth/img/yeni-logo.png	undefined
05.03.2025	 17.07.59	78d46f44-9c2b-4ff3-af98-09eb787c8b40	GET	/api/auth/css/sb-admin-2.min.css	undefined
05.03.2025	 17.07.59	20a1b8ef-73df-4c72-bb87-6c72cf99d6a9	GET	/api/auth/vendor/jquery/jquery.min.js	undefined
05.03.2025	 17.07.59	0313733b-62fd-43ed-b660-ae1cf1ad7ac3	GET	/api/auth/vendor/bootstrap/js/bootstrap.bundle.min.js	undefined
05.03.2025	 17.07.59	e91cd0f7-de72-4460-b60a-9ac69a8c00fb	GET	/api/auth/vendor/jquery-easing/jquery.easing.min.js	undefined
05.03.2025	 17.07.59	27b487b6-a78d-4c61-b0e0-d5febdfdf8b9	GET	/api/auth/js/sb-admin-2.min.js	undefined
05.03.2025	 17.08.41	cf216a7e-91a8-4be4-a7fb-712fdc1a707b	GET	/	undefined
05.03.2025	 17.08.41	61ff0966-5e5e-47ef-a9e8-a555f9c3f99d	GET	/index	undefined
05.03.2025	 17.08.46	081e38ec-5145-4ea3-8dcf-2ad2870d1ea2	GET	/login	undefined
05.03.2025	 17.08.51	14e6e39e-e4ea-4709-a5a4-1045fec486ff	POST	/api/auth/login	http://localhost:5000
05.03.2025	 17.08.51	4becd00a-96c0-4056-bde5-5e7d39244394	GET	/home	undefined
05.03.2025	 17.08.57	f553d1bc-c1a2-40a4-9050-43f82b9f8900	POST	/api/auth/login	http://localhost:5000
05.03.2025	 17.09.12	8f5b4458-92c4-453d-8b89-bb161ed80a0b	POST	/api/auth/login	http://localhost:5000
05.03.2025	 17.10.18	a91f888b-c455-4406-9783-bd57b11550fc	POST	/api/auth/login	http://localhost:5000
05.03.2025	 17.10.27	9602ae3f-2e53-40f6-a909-0e9816a5707e	POST	/api/auth/login	http://localhost:5000
05.03.2025	 17.10.43	a3690375-009a-411f-98e3-9c56c92b93ae	POST	/api/auth/login	http://localhost:5000
05.03.2025	 17.12.25	98e9d549-a97a-4eab-a203-c0c0d393975e	POST	/api/auth/login	http://localhost:5000
05.03.2025	 17.12.26	bc9d6f5e-f1d2-4bfd-8b12-7dddc78dfef8	GET	/home	undefined
05.03.2025	 17.13.16	cac9f9c6-cf84-4ed3-9e83-a2a869193bf3	GET	/blank	undefined
05.03.2025	 17.16.25	46571fa4-7c00-4da1-a997-0f04387ad2d3	POST	/api/auth/login	http://localhost:5000
05.03.2025	 17.16.32	79f4033a-c6f5-45a3-a4ee-37c36b2ac449	POST	/api/auth/login	http://localhost:5000
05.03.2025	 17.16.41	c5b35f66-5518-45e5-92d3-95c3e1655ebf	POST	/api/auth/login	http://localhost:5000
05.03.2025	 17.19.36	c6e956fe-f983-4d54-83b6-6169166fe0b9	GET	/home	undefined
05.03.2025	 17.21.09	ffe0a716-55b0-4806-9421-96cd2097c81c	GET	/register	undefined
05.03.2025	 17.26.05	08580539-3666-4bc5-a208-8d41404fe5c7	GET	/register.html	undefined
05.03.2025	 17.26.17	6bdf9eaa-45a5-43bf-b1ba-b4de2ef1950b	GET	/register	undefined
05.03.2025	 17.26.28	7d8e9335-5c8c-4113-95ae-650cce25a971	POST	/api/auth/register	http://localhost:5000
05.03.2025	 17.26.41	6e92cc4a-4d7f-48a4-bb05-30ba32c1050d	GET	/forgot-password.html	undefined
05.03.2025	 17.26.44	0ce2cacf-d5c8-474d-ad56-4b32912e66b8	GET	/login.html	undefined
05.03.2025	 17.30.43	7a170a92-2ccd-4881-90be-288511ec506c	GET	/register	undefined
05.03.2025	 17.32.28	e01d9372-b237-4e20-a66c-0d9cd7768c59	GET	/register	undefined
05.03.2025	 17.32.33	f63525db-79dc-474c-a37e-4ccd035e7594	GET	/index.html	undefined
05.03.2025	 17.33.31	cdf176f5-1270-4ef9-9deb-42827f0de1dd	GET	/register	undefined
05.03.2025	 17.34.35	2fb71238-feaf-4dec-9379-90764805cc21	GET	/index.html	undefined
05.03.2025	 17.34.49	24552671-1430-4271-a0d9-226483229b0b	GET	/register	undefined
05.03.2025	 17.35.37	f90ec9a7-b746-41b2-b669-98fa79a5afcc	GET	/register	undefined
05.03.2025	 17.35.57	77691310-b0f9-43a3-a966-22d5bcd516f6	POST	/register	http://localhost:5000
05.03.2025	 17.36.13	06f3f53f-36fc-4257-bbb6-5389d8a21359	POST	/register	http://localhost:5000
05.03.2025	 17.36.34	a8f16fb6-5fd4-48cf-b0b6-1716f3a14b7a	POST	/register	http://localhost:5000
05.03.2025	 17.36.41	d86c357b-ce95-4006-bec4-7d104e5c7edf	POST	/register	http://localhost:5000
05.03.2025	 17.36.59	c12c6210-4aa1-4220-bf66-c6889fcf5f0f	GET	/register	undefined
05.03.2025	 17.37.03	c63eb728-ecb0-4bfb-90cd-58e2ba5de648	POST	/api/auth/register	http://localhost:5000
05.03.2025	 17.37.51	e92761a0-0465-45c3-bd8a-5056bd96214b	POST	/api/auth/register	http://localhost:5000
05.03.2025	 17.37.58	82a50244-3c61-4c24-ab3a-16d42f81ae55	GET	/blank	undefined
05.03.2025	 17.37.59	555eed61-6afc-44aa-aa5b-8c657751a840	GET	/blank	undefined
05.03.2025	 17.37.59	9ac9b029-7fea-46bf-8852-d5a401e7eabd	GET	/blank	undefined
05.03.2025	 17.44.12	4c119c66-7969-4020-91a0-a83550006948	GET	/home	undefined
05.03.2025	 17.44.16	0f113897-3a2f-45d2-a943-2404275a1ca9	GET	/blank	undefined
05.03.2025	 17.44.19	5f48f86d-f891-4ac9-8ae0-fef4742a9583	GET	/forgot-password	undefined
05.03.2025	 17.44.32	3164a59f-2ed5-47e7-9365-3c4c0a9c6521	GET	/blank	undefined
05.03.2025	 17.44.42	11202bf0-e3de-42fb-b801-16668f0146fd	GET	/home	undefined
05.03.2025	 17.44.46	109b3746-0339-4633-b84e-a2a1f9e74ce5	GET	/home	undefined
05.03.2025	 17.44.49	47c801e4-ba9b-4b68-8952-6f154067ecc0	GET	/blank	undefined
05.03.2025	 17.44.51	e88f6270-306a-401d-888c-1165e7e33852	GET	/home	undefined
05.03.2025	 17.44.54	3de955a0-db38-4daf-ba8c-1504d5553f09	GET	/login	undefined
05.03.2025	 17.44.59	31efe6da-6d5b-423f-a2df-04213ca942f8	POST	/api/auth/login	http://localhost:5000
05.03.2025	 17.44.59	14636682-d1e1-4a78-8e1d-6191b6297d16	GET	/home	undefined
05.03.2025	 18.00.43	f4016943-4837-4697-8041-d323656b13d7	GET	/profiles	undefined
05.03.2025	 18.01.01	2c427306-651e-433e-a304-56216e9ee997	GET	/profile	undefined
05.03.2025	 18.01.15	6895309e-9e79-4f90-80f1-65c6fe5f9e40	GET	/profile	undefined
05.03.2025	 18.01.24	10bb517b-1a09-4890-9891-412c2a3ffb52	GET	/blank	undefined
05.03.2025	 18.01.25	b15c2092-2e01-42d9-bf79-8bdce92667c5	GET	/blank	undefined
05.03.2025	 18.01.26	793e42bb-a2a1-4603-9897-2864a031e2d1	GET	/blank	undefined
05.03.2025	 18.01.26	e472abdf-f390-4e36-a59f-9f9aa8ceda71	GET	/blank	undefined
05.03.2025	 18.01.37	a283dc04-f4a2-4f15-bb3c-790bcd0dfc45	POST	/api/auth/logout	http://localhost:5000
05.03.2025	 18.01.48	9b632cb5-6158-4de5-bdbd-273581edd6ec	GET	/profile	undefined
05.03.2025	 18.02.01	5e0feff4-3529-42d6-aba5-9cfca81d23a7	GET	/profile	undefined
05.03.2025	 18.30.01	76d66abf-9f89-4d97-bb0d-823b997a8485	GET	/profile	undefined
05.03.2025	 18.41.21	9f7f07ce-1880-480a-8a9e-352e283e1dfc	GET	/login	undefined
05.03.2025	 18.41.31	728a9b5d-8761-4b31-985b-01422d3c1c0e	POST	/api/auth/login	http://localhost:5000
05.03.2025	 18.43.33	611b8ec0-1b3a-4dba-b8d4-541e38547b66	POST	/api/auth/login	http://localhost:5000
05.03.2025	 18.43.41	16b24521-d949-42f6-b2de-6c9906e368dd	POST	/api/auth/login	http://localhost:5000
05.03.2025	 18.43.44	1f14ba1f-5a3b-4d01-b3e3-92d167dc9cb9	GET	/login	undefined
05.03.2025	 18.43.48	14fd2ad9-cfb7-44d5-9350-0cad637b65c4	POST	/api/auth/login	http://localhost:5000
05.03.2025	 18.44.39	6ac0ade6-fab8-475a-ac51-ed1a34694dd3	POST	/api/auth/login	http://localhost:5000
05.03.2025	 18.44.40	e0d66cfd-0e39-4199-95fd-f3658cc8c64b	GET	/home	undefined
05.03.2025	 18.48.33	ceb289d8-34c0-4db9-a411-ceae48fdaa2a	GET	/home	undefined
05.03.2025	 18.48.36	824f5f40-5a53-446d-8eab-fb4d6348785f	POST	/api/auth/login	http://localhost:5000
05.03.2025	 18.48.36	287dcda1-c7af-4697-adb8-c08204fa6218	GET	/home	undefined
05.03.2025	 18.48.43	15a4a41c-7691-4f6b-96bb-6018bab240e4	GET	/home	undefined
05.03.2025	 18.49.11	ffc03de7-1abb-4ac1-b813-c0034c23e921	GET	/blank	undefined
05.03.2025	 18.49.15	b758cb4a-f5d6-474b-9b70-439e4fe0323d	GET	/blank	undefined
05.03.2025	 18.49.24	728aad13-aea8-4367-8793-e2bf202e1afa	GET	/blank	undefined
05.03.2025	 18.49.43	452951c1-dffb-460b-b451-37ef0cf904fa	GET	/blank	undefined
05.03.2025	 18.50.22	df4ee54c-2cf7-4386-97b2-3dd4a3c3d2a3	POST	/api/auth/login	http://localhost:5000
05.03.2025	 18.50.22	25295e49-65a3-4130-9e51-385399c12521	GET	/home	undefined
05.03.2025	 18.50.23	75ee9f8c-bb8a-4da7-bb26-b0ce8b191ad0	GET	/home	undefined
05.03.2025	 18.50.24	b908d90d-bf40-43e3-8b94-5986a40af34f	GET	/home	undefined
05.03.2025	 18.50.26	3b5d377d-ea3b-47b4-90c5-833a2ee951a9	GET	/blank	undefined
05.03.2025	 18.50.29	913e171e-ddee-4bef-997f-6679cad8861f	GET	/blank	undefined
05.03.2025	 18.50.47	14761438-0c74-4258-9204-8d83835989b8	GET	/blank	undefined
05.03.2025	 18.51.04	e67b8468-d02f-45f0-bf1d-d4121ffdcf5b	GET	/blank	undefined
05.03.2025	 18.51.18	681c7e47-aea3-4bb5-a244-f2bddc64f4b0	GET	/home	undefined
05.03.2025	 18.52.49	dcaea89d-500b-4254-8a08-3440da262075	GET	/profile	undefined
05.03.2025	 18.55.07	9927212b-e77e-41e0-9842-9eb9716510c6	GET	/home	undefined
05.03.2025	 18.55.10	3af6d43d-0992-41c5-866f-6efd9f998044	POST	/api/auth/login	http://localhost:5000
05.03.2025	 18.55.10	d38c66d4-7e27-498d-96ce-219b7d9aca8b	GET	/home	undefined
05.03.2025	 18.55.25	4eda8d6f-359c-4015-8bcd-1d7506f88e10	GET	/home	undefined
05.03.2025	 18.55.39	0ecbb9b9-4b5e-4a8e-9f4b-4153e0f16282	GET	/home	undefined
05.03.2025	 18.55.40	0d948e37-aeed-4087-8274-eb3f0c0f230c	GET	/blank	undefined
05.03.2025	 18.55.41	1c9a4cca-d277-4bf6-8e97-13d9e1d7cf20	GET	/tables	undefined
05.03.2025	 18.55.44	77c512cb-c819-4082-9af3-c01774c8aa49	GET	/blank	undefined
05.03.2025	 18.55.45	e5ea1553-6097-48bc-a949-a1fb9f88cfa3	GET	/blank	undefined
05.03.2025	 18.55.48	b23db62f-a81d-4b79-a647-449c0e49d541	GET	/home	undefined
05.03.2025	 18.55.59	7d82f2bf-06de-47b7-88e0-5e5ebb6d4883	GET	/blank	undefined
05.03.2025	 18.56.09	390262b0-5847-4fb9-a787-08d0ff23a533	GET	/blank	undefined
05.03.2025	 18.56.16	a110fd83-04ee-4016-b191-8357a7b3cd54	GET	/blank	undefined
05.03.2025	 18.56.20	3d1ab444-013e-43a8-b149-3bcadbd9176c	GET	/blank	undefined
05.03.2025	 18.57.22	cbd8b0ad-07e0-4410-b4a7-6be780d8bcfd	GET	/blank	undefined
05.03.2025	 18.57.24	08cb5fe4-f5cd-420b-b1fb-eb6efaf71f4f	GET	/blank	undefined
05.03.2025	 18.57.31	f2643ac9-e419-448b-ade6-4aa35a4c89b9	GET	/tables	undefined
05.03.2025	 18.58.39	d8e22dcc-55a9-4268-808b-9db6545a1627	POST	/api/auth/login	http://localhost:5000
05.03.2025	 19.03.21	1aac89d7-eb85-4653-8865-8565e22bb7ae	GET	/tables	undefined
05.03.2025	 19.03.22	45273301-b94f-4d0f-8b1e-8da4eb201e81	GET	/tables	undefined
05.03.2025	 19.03.54	4af31a7c-612a-4a64-b8cf-83737febfed5	GET	/tables	undefined
05.03.2025	 19.04.01	a4101dd5-c3e0-4946-96a2-435e7dd5b037	GET	/tables	undefined
05.03.2025	 19.04.17	2c62515e-16bb-4ecb-a5a2-c798139bc823	GET	/blank	undefined
05.03.2025	 19.05.05	7ceab191-c57f-4d00-8751-2b3b8ad979f8	GET	/blank	undefined
05.03.2025	 19.05.08	9c52160f-d4bc-41cb-94bd-6029d0031c8e	GET	/blank	undefined
05.03.2025	 19.05.10	55f9f0a2-3ee6-41af-a694-a3d7e8958387	GET	/login	undefined
05.03.2025	 19.05.14	abc9dea5-794f-489a-ac55-90999f365173	POST	/api/auth/login	http://localhost:5000
05.03.2025	 19.05.15	8a58bc6f-0f55-4520-b51f-2cc1cd7eb1dd	GET	/home	undefined
05.03.2025	 19.05.17	232bbbb9-812c-4a63-8d1a-7e397b1142ff	GET	/tables	undefined
05.03.2025	 19.07.54	74d71200-be3d-4910-a9ee-49edbdebf692	POST	/api/auth/login	http://localhost:5000
05.03.2025	 19.08.01	a2c7b933-9c9c-49bd-aca4-f24a04e54b3e	POST	/api/auth/login	http://localhost:5000
05.03.2025	 19.08.02	a30044d4-d399-463e-a905-0d8be5383dbd	GET	/home	undefined
05.03.2025	 19.08.03	0fbc0f4b-0533-473f-bb52-57eff35db93d	GET	/tables	undefined
05.03.2025	 19.08.13	854f9470-f920-403d-917b-3724eecf52a0	GET	/tables	undefined
05.03.2025	 19.08.14	4f95891c-dc03-4cfd-9569-b259769e931c	GET	/tables	undefined
05.03.2025	 19.12.02	ecf223c5-5d0c-4599-82cb-7ea43408ccff	GET	/tables	undefined
05.03.2025	 19.12.05	75142dfc-4672-443d-bff0-74aec79f9bf3	GET	/home	undefined
05.03.2025	 19.12.07	31316275-80ca-4eaf-bcb5-3cea5db08044	POST	/api/auth/login	http://localhost:5000
05.03.2025	 19.12.07	51bcbb9b-3d7f-4c2e-bae1-a28a13bd9338	GET	/home	undefined
05.03.2025	 19.12.09	feb17ddb-e62a-458b-b4a3-54468e1fc604	GET	/tables	undefined
05.03.2025	 19.45.52	67d316f1-4576-422c-9292-69d2518fc26e	GET	/tables	undefined
05.03.2025	 19.45.53	91fb2759-1506-435e-931c-ec28795dcf45	GET	/tables	undefined
05.03.2025	 19.49.03	e44a05b8-457a-4fe0-b6bc-990ed173b6c1	GET	/tables	undefined
05.03.2025	 19.49.06	c64f1449-507c-43cc-8648-f084b9597182	GET	/home	undefined
05.03.2025	 19.49.13	74a712ec-03b6-4c3e-b556-524ec9982cea	POST	/api/auth/login	http://localhost:5000
05.03.2025	 19.49.13	cedd4452-159e-403c-8ea5-ac03ef0466ee	GET	/home	undefined
05.03.2025	 19.49.15	efc7c5b4-d659-4a00-9595-f0fd42d56e99	GET	/tables	undefined
05.03.2025	 19.49.56	ba36ba48-544e-4a0b-aa68-2cc795804d84	GET	/tables	undefined
05.03.2025	 19.49.57	529e0438-d778-4c3a-85cf-99ccb69d9f7d	GET	/tables	undefined
05.03.2025	 19.49.58	0688e2c8-37d0-4b09-bc72-e5a14d7cf6fa	GET	/tables	undefined
05.03.2025	 19.49.59	f8f931bd-f7ae-4016-b193-0aa03832fb98	GET	/favicon.ico	undefined
05.03.2025	 19.50.45	0356092b-d1bc-4595-92c8-7c27b989941d	GET	/tables	undefined
05.03.2025	 19.50.53	aad0040a-8fa6-499e-b8f1-b934f3942a71	GET	/tables	undefined
05.03.2025	 19.52.15	7feda928-aef7-4cfb-ae0a-6e846ee2199e	GET	/tables	undefined
05.03.2025	 19.52.59	f44d6379-1973-4f8e-b536-0f0eadc8ed44	GET	/tables	undefined
05.03.2025	 19.53.00	0910bbc6-1f93-49d9-a738-553bc118ea8d	GET	/tables	undefined
05.03.2025	 19.53.02	7a82c4fe-164b-4dc6-9a9b-e66949ca7e12	GET	/tables	undefined
05.03.2025	 19.54.33	24014fa4-bb02-458e-92b3-9ed0001ae1b9	GET	/tables	undefined
05.03.2025	 19.55.03	c54be903-d791-43a5-ae05-6fb447465e9e	GET	/tables	undefined
05.03.2025	 19.56.36	26dc101b-1ca9-4d31-a5da-ec8c6a56f7de	GET	/tables	undefined
05.03.2025	 19.59.44	66dc7aea-d6cd-4290-98e5-4cac4acc240c	GET	/tables	undefined
05.03.2025	 19.59.54	d468f1c3-9674-484e-8af2-693921bcd4a0	GET	/login	undefined
05.03.2025	 19.59.59	4c418276-4028-41bb-bc46-c478fb22f9e8	POST	/api/auth/login	http://localhost:5000
05.03.2025	 20.00.00	6672f821-ded7-4a11-aec3-15421415823b	GET	/home	undefined
05.03.2025	 20.00.01	c96ce313-8aee-445d-b64f-e65e38777cdd	GET	/tables	undefined
05.03.2025	 20.00.40	c033f95d-38db-4812-a86d-4203bada83e3	GET	/tables	undefined
05.03.2025	 20.01.57	089becb7-307c-45d1-8a33-7da519e5bed0	GET	/tables	undefined
05.03.2025	 20.02.40	e8b71536-9230-4be3-9cde-9accb34ebc3c	GET	/tables	undefined
05.03.2025	 20.02.40	c05d2dd4-4fe3-4e7c-ad22-073c86b0a3d8	GET	/login	undefined
05.03.2025	 20.02.44	7554ac3e-6951-47b5-93fe-3f9d097b013e	POST	/api/auth/login	http://localhost:5000
05.03.2025	 20.02.45	b72d13a2-db79-4387-81b1-78cb9d0dbe2a	GET	/home	undefined
05.03.2025	 20.02.47	ac4f49a8-2578-41b6-897c-143cc857ab51	GET	/tables	undefined
05.03.2025	 20.05.43	32399754-5c4d-4e58-8a3c-047fe30829ff	GET	/tables	undefined
05.03.2025	 20.06.03	1114592c-1066-4e28-a8e1-ea5c3745b091	GET	/blank	undefined
05.03.2025	 20.13.15	b1ea3fd2-3899-423f-a5a0-a65f48a6c708	GET	/blank	undefined
05.03.2025	 20.14.05	aa818893-56ec-4765-9371-f9580d1d4670	GET	/blank	undefined
05.03.2025	 20.14.29	3fe23e64-d363-490b-8f0a-44e19d80b909	GET	/blank	undefined
05.03.2025	 20.14.47	5adbd007-d895-4c4f-8617-91e198e0be69	GET	/blank	undefined
05.03.2025	 20.15.29	265a6d6f-4124-4aca-a5aa-230f638d240b	GET	/blank	undefined
05.03.2025	 20.15.31	6624f3da-8760-46fd-bab9-2ce6633a1f75	GET	/users/blank	undefined
05.03.2025	 20.15.38	c2185a6f-a29d-4244-81dc-62c1aef8c254	GET	/blank	undefined
05.03.2025	 20.15.40	ae8bf8d2-c3f7-42bb-92dd-affc1985daeb	GET	/users/blank	undefined
05.03.2025	 20.18.01	b170bb6b-1f0d-4bab-a82f-48538fd321f9	GET	/blank	undefined
05.03.2025	 20.18.05	e2e5dc71-bb4a-4607-ac11-2c8c0c2cfecd	GET	/blank	undefined
05.03.2025	 20.46.04	b96da85f-69be-43de-bb4b-b7b0a1fafe4f	GET	/users/usersGet	undefined
05.03.2025	 20.46.23	edbf8893-128c-4295-ab16-6a6329eb77ac	GET	/users/getAllUsers	undefined
05.03.2025	 20.46.40	1a750535-cf44-440d-a714-59d40261e217	GET	/user/getAllUsers	undefined
05.03.2025	 20.48.37	c0b50e00-1239-44cd-86fe-151667f92800	GET	/user/getAllUsers	undefined
05.03.2025	 20.49.11	1b956b09-9689-454c-8196-b0bf92167fb9	GET	/user/usersGet	undefined
05.03.2025	 20.49.27	8dd45ff8-f79c-49dc-89e9-2bfbed6ffe15	GET	/user/getAllUsers	undefined
05.03.2025	 20.49.58	57a19c47-ee73-4c47-b617-c329bab415e9	GET	/user/get	undefined
05.03.2025	 20.51.23	ca63aa3d-93af-4fbe-b535-76bd335b2dcf	GET	/user/get	undefined
05.03.2025	 20.51.34	a503ffa8-b19f-478c-91c6-c959e3102ba4	GET	/user/get	undefined
05.03.2025	 20.51.43	75e427ca-d17a-4cb1-8e4a-0c91ecf59059	GET	/user/get	undefined
05.03.2025	 20.52.44	858d99f0-a4c1-4105-9b6f-c79323a34b64	GET	/user/get	undefined
05.03.2025	 20.53.33	1166eca5-8865-4975-a854-4e041c4e2a17	GET	/user/get	undefined
05.03.2025	 20.55.10	980b1903-2e59-42b0-b24f-a40e066d4c18	GET	/user/get	undefined
05.03.2025	 20.55.17	88b89cf4-ebaf-4203-bf82-ad288eeb9de8	GET	/user/get	undefined
05.03.2025	 20.57.17	d4402675-1a71-44c1-894e-4ec6a79311fb	GET	/user/get	undefined
05.03.2025	 20.57.18	b0026a55-158c-43e3-b29d-634911590612	GET	/user/get	undefined
05.03.2025	 20.57.18	a925833c-da19-4c98-b625-dd01606fc3a3	GET	/user/get	undefined
05.03.2025	 20.57.56	a18d37e1-1c2f-4ab0-a8c2-57185b6d7b7c	GET	/user/get	undefined
05.03.2025	 20.58.00	ac44d1d4-03f3-405a-b8b6-6d1e2d08f00a	GET	/user/get	undefined
05.03.2025	 20.58.09	78c9771f-8123-41a3-a628-7328f88a8b6e	GET	/user/get	undefined
05.03.2025	 20.58.09	5e9cfef9-87e0-4c1a-be9e-7d46af7e6673	GET	/user/vendor/fontawesome-free/css/all.min.css	undefined
05.03.2025	 20.58.09	ddd98286-c766-4502-bce4-2ef8cce86933	GET	/user/img/undraw_profile_1.svg	undefined
05.03.2025	 20.58.09	5e3e6221-4e6d-4eaf-9361-eaa03771af6d	GET	/user/img/undraw_profile_2.svg	undefined
05.03.2025	 20.58.09	44d98696-2632-4124-aa0e-456988a2c4e4	GET	/user/img/undraw_profile_3.svg	undefined
05.03.2025	 20.58.09	f0f6147e-bc38-4980-a408-d36c1eb86350	GET	/user/img/undraw_profile.svg	undefined
05.03.2025	 20.59.28	b3a87e4a-21ca-4c8e-b289-78eed06fbc48	GET	/home	undefined
05.03.2025	 20.59.33	77043a23-c757-44ad-93fa-8c2c4788e5ca	POST	/api/auth/login	http://localhost:5000
05.03.2025	 20.59.34	6b29b477-54e4-4c32-b3f2-8321bb375aaf	GET	/home	undefined
05.03.2025	 20.59.40	ef480fc9-b2c9-4500-89e6-42a69a9c0734	GET	/user/get	undefined
05.03.2025	 21.00.29	ad978e9f-9994-4337-b48d-b829a4d053b4	GET	/user/get	undefined
05.03.2025	 21.02.20	1ee457ef-80aa-4fe4-a1be-3a0b7dc038cf	GET	/user/get	undefined
05.03.2025	 21.02.32	78c0cf0d-0111-4524-a1ec-580408d75473	GET	/user/get	undefined
05.03.2025	 21.05.17	787b9b0b-7343-4d85-8dd5-7d2a307fe528	GET	/user/get	undefined
05.03.2025	 21.05.30	32bcc766-f583-4f3c-b530-b2ab8d7e8164	GET	/user/	undefined
05.03.2025	 21.16.18	d828825b-e5b2-46c8-a456-977447cc3a90	GET	/user/	undefined
05.03.2025	 21.19.35	c74caf9c-a0dc-4898-8e29-754dc5da2ad9	GET	/user/	undefined
05.03.2025	 21.20.49	a06fd4dd-f7b4-4ebf-aac5-1a345e255022	GET	/user/	undefined
05.03.2025	 21.21.58	ca5d34ad-7072-447f-85bc-abed9ffcca89	GET	/user/	undefined
05.03.2025	 21.22.31	11e0e565-7bbd-49e2-a7bc-6a4359e6bb41	GET	/user/	undefined
05.03.2025	 21.22.48	4bed94db-2f60-44e2-acf7-d08d70c7a3ac	GET	/user/	undefined
05.03.2025	 21.22.48	9c522d04-36e5-4c3f-8623-f70634bc5087	GET	/user/img/undraw_profile_2.svg	undefined
05.03.2025	 21.22.48	a735b11a-c5a0-41af-abd9-7e02df0911db	GET	/user/img/undraw_profile_3.svg	undefined
05.03.2025	 21.22.48	55374058-3dc5-46d2-90d4-6b0bac4fff3e	GET	/user/img/undraw_profile_1.svg	undefined
05.03.2025	 21.22.48	0e6b9bd8-85aa-47da-bcd6-ce148216d9bf	GET	/user/vendor/fontawesome-free/css/all.min.css	undefined
05.03.2025	 21.22.48	00107327-845c-4a4a-9f32-c78dfdb26367	GET	/user/img/undraw_profile.svg	undefined
05.03.2025	 21.23.08	d0bb7dae-3fed-4c76-b5c6-b5bed555c0df	GET	/user/	undefined
05.03.2025	 21.24.21	a3f0cb81-9629-45bb-aa91-9bff9e59125a	GET	/home	undefined
05.03.2025	 21.24.26	92f70e6c-1c22-478f-9607-e9d9d74bf048	POST	/api/auth/login	http://localhost:5000
05.03.2025	 21.24.26	d7a0e09e-819f-43af-900c-ac8e03ef366d	GET	/home	undefined
05.03.2025	 21.24.39	d9502280-46cb-4329-a88a-bfa011272807	GET	/user/get	undefined
05.03.2025	 21.24.39	df8f49a7-c701-45e4-bd77-bc2ef8989a4e	GET	/user/vendor/fontawesome-free/css/all.min.css	undefined
05.03.2025	 21.24.39	0a9704c5-0f04-4b1f-85b1-04d6f280f1f9	GET	/user/img/undraw_profile_1.svg	undefined
05.03.2025	 21.24.39	d11839e1-565b-456e-937e-e6d1359bd5ea	GET	/user/img/undraw_profile_2.svg	undefined
05.03.2025	 21.24.39	00374520-fa4c-4598-ae25-a754ba93f013	GET	/user/img/undraw_profile_3.svg	undefined
05.03.2025	 21.24.39	e0848ea9-6599-4b44-9821-bf9c377624dd	GET	/user/img/undraw_profile.svg	undefined
05.03.2025	 21.25.15	65530d03-c0a0-40ac-9546-0aad7f71ec21	GET	/user/hi	undefined
05.03.2025	 21.25.21	9b1dc1d8-4247-4da7-a3bd-329d2aff2643	GET	/user/get	undefined
05.03.2025	 21.25.37	fdac974f-38e9-4a86-adf2-c29f6f1eb5a5	GET	/user/get	undefined
05.03.2025	 21.25.45	53a560dd-b0bd-42b7-ace1-795edab6be43	GET	/user/get	undefined
05.03.2025	 21.26.05	8781bdeb-67e8-47ac-91e6-d208ac8e1172	GET	/user/get	undefined
05.03.2025	 21.26.11	c9e5d282-510e-4592-901e-fa2ffd74ea92	POST	/api/auth/login	http://localhost:5000
05.03.2025	 21.26.11	f92d71f1-3a3f-4f26-9d38-69b4aa7a1e2b	GET	/home	undefined
05.03.2025	 21.26.17	28077168-98cd-4df2-9813-2a7a8d1985eb	GET	/user/get	undefined
05.03.2025	 21.26.17	082f909e-8a0e-4467-8d52-d48daf8d9a14	GET	/user/vendor/fontawesome-free/css/all.min.css	undefined
05.03.2025	 21.26.17	95124a6e-3794-47a8-8ee7-f4cfc81c1630	GET	/user/img/undraw_profile_1.svg	undefined
05.03.2025	 21.26.17	23935b31-87de-4df8-ad6c-a19168cbb0ba	GET	/user/img/undraw_profile_2.svg	undefined
05.03.2025	 21.26.17	b00af5bb-864e-43e4-a494-97d427ba4bfa	GET	/user/img/undraw_profile_3.svg	undefined
05.03.2025	 21.26.17	ac09591b-9fa3-41e2-989a-07736185d1e2	GET	/user/img/undraw_profile.svg	undefined
05.03.2025	 21.26.22	270616b1-7db3-4a04-8516-01534359c9ff	GET	/user/get	undefined
05.03.2025	 21.26.22	c94c04f2-fcb0-45d1-a171-c9dfc49ac588	GET	/user/vendor/fontawesome-free/css/all.min.css	undefined
05.03.2025	 21.26.22	609c0d1b-803a-4b31-a2c1-d40bd0e4f8cc	GET	/user/img/undraw_profile_1.svg	undefined
05.03.2025	 21.26.22	0a7e7a25-53d5-475d-b5eb-e10f725a07de	GET	/user/img/undraw_profile_2.svg	undefined
05.03.2025	 21.26.22	0188a73a-1b55-48de-a29b-4a9c927cdc3e	GET	/user/img/undraw_profile_3.svg	undefined
05.03.2025	 21.26.22	09ee1679-9bf3-47b5-a563-1e0783268702	GET	/user/img/undraw_profile.svg	undefined
05.03.2025	 21.26.34	1cfc3898-7c94-45b0-807c-fe42e4745ae6	GET	/user/get	undefined
05.03.2025	 21.26.42	af0972f3-6836-4d61-a577-138c9017ad0d	GET	/user/get	undefined
05.03.2025	 21.34.48	2994bd58-bd69-4cc3-9761-1fc22d0dd69d	GET	/home	undefined
05.03.2025	 21.34.52	eefb609c-b91f-4017-9b71-da3687eba5da	POST	/api/auth/login	http://localhost:5000
05.03.2025	 21.34.52	d7c35d07-994c-466f-b2c7-bd5550fc24ec	GET	/home	undefined
05.03.2025	 21.34.59	852e97b2-8726-4cd8-bdf5-499d951dd9c2	GET	/user/get	undefined
05.03.2025	 21.34.59	50affb74-f2e4-44e4-851d-04652c3fbc8f	GET	/user/vendor/fontawesome-free/css/all.min.css	undefined
05.03.2025	 21.34.59	113f7d30-d0e5-45ab-99bc-8669e6acd562	GET	/user/img/undraw_profile_1.svg	undefined
05.03.2025	 21.34.59	646cce08-de41-43a1-98c4-91d4aae20311	GET	/user/img/undraw_profile_2.svg	undefined
05.03.2025	 21.34.59	006b483c-0591-4396-a6d2-d11c82e10424	GET	/user/img/undraw_profile_3.svg	undefined
05.03.2025	 21.34.59	f7ec8ab5-eced-4200-a7cb-065db57af976	GET	/user/img/undraw_profile.svg	undefined
05.03.2025	 21.35.08	6c24ac8d-0884-49bf-9426-9aae1b500acd	GET	/user/get	undefined
05.03.2025	 21.35.08	d99733b2-23b5-4c66-9684-daf67e951aa7	GET	/user/vendor/fontawesome-free/css/all.min.css	undefined
05.03.2025	 21.35.08	0fd64b36-d9a3-42b8-809e-6479c147abaa	GET	/user/img/undraw_profile_1.svg	undefined
05.03.2025	 21.35.08	51e43604-546a-4f4a-82e4-ba41afd27246	GET	/user/img/undraw_profile_2.svg	undefined
05.03.2025	 21.35.08	62a77546-c982-4e11-8c6f-95f13c42ff55	GET	/user/img/undraw_profile_3.svg	undefined
05.03.2025	 21.35.08	f567b7a5-ccf7-48b8-9d88-d21645cc967a	GET	/user/img/undraw_profile.svg	undefined
05.03.2025	 21.35.10	83d074a4-25bc-48d5-8e3e-4d7c883e5129	GET	/user/get	undefined
05.03.2025	 21.35.10	562bbbc3-d9f9-4cf5-a7ba-2a9a9a86764e	GET	/user/vendor/fontawesome-free/css/all.min.css	undefined
05.03.2025	 21.35.10	fed6c84d-b246-4165-9ec3-902c6e30a140	GET	/user/img/undraw_profile_1.svg	undefined
05.03.2025	 21.35.10	67351529-4535-4b7e-a048-06581b31bfe8	GET	/user/img/undraw_profile_2.svg	undefined
05.03.2025	 21.35.10	63155d4d-4d88-4707-bdde-11871649ca93	GET	/user/img/undraw_profile_3.svg	undefined
05.03.2025	 21.35.10	95114aee-cd40-42eb-baf9-3cc05c491803	GET	/user/img/undraw_profile.svg	undefined
05.03.2025	 21.35.11	ee7efa46-297d-4165-a239-ab0b990a3d31	GET	/user/get	undefined
05.03.2025	 21.35.11	4bb3fd5a-f91e-462b-bc15-a56bf0ea25a8	GET	/user/vendor/fontawesome-free/css/all.min.css	undefined
05.03.2025	 21.35.11	c8a55803-279f-4e9d-8a3e-79cfec10cc49	GET	/user/img/undraw_profile_1.svg	undefined
05.03.2025	 21.35.11	e67a930b-4ba8-40aa-b503-094f9d1aed2d	GET	/user/img/undraw_profile_2.svg	undefined
05.03.2025	 21.35.11	86a4be6e-915a-4fed-90a0-ae44b1c12bf6	GET	/user/img/undraw_profile_3.svg	undefined
05.03.2025	 21.35.11	a0e2f78a-7a89-414e-8e84-4f14bfe50a9b	GET	/user/img/undraw_profile.svg	undefined
05.03.2025	 21.35.11	067730ed-9b99-4eda-b25a-acaf48d9d787	GET	/user/get	undefined
05.03.2025	 21.35.11	4cad8402-cf09-4028-bad0-a01c3e9874f6	GET	/user/vendor/fontawesome-free/css/all.min.css	undefined
05.03.2025	 21.35.11	022f46fb-c7a3-4850-8655-1668f0986b06	GET	/user/img/undraw_profile_1.svg	undefined
05.03.2025	 21.35.11	2583de1c-b2c7-4ae7-9aff-26fe16392a71	GET	/user/img/undraw_profile_3.svg	undefined
05.03.2025	 21.35.11	b76bda48-9df9-497e-b8f6-7013cd3369d7	GET	/user/img/undraw_profile.svg	undefined
05.03.2025	 21.35.11	3c938039-9de7-4b5a-8c91-bad30d7e47e9	GET	/user/img/undraw_profile_2.svg	undefined
05.03.2025	 21.35.12	f5129434-4e86-42b8-851c-dee9b1c7ad5f	GET	/user/get	undefined
05.03.2025	 21.35.12	e44f6171-8312-4f01-8959-062d46e473b0	GET	/user/img/undraw_profile_1.svg	undefined
05.03.2025	 21.35.12	6cf49ab1-18a1-43fd-91a0-876112a73a2f	GET	/user/vendor/fontawesome-free/css/all.min.css	undefined
05.03.2025	 21.35.12	efae1ae7-b08e-4933-b97c-783c4a0f3b60	GET	/user/img/undraw_profile_2.svg	undefined
05.03.2025	 21.35.12	22694c88-9760-4e02-a888-73667a41e45f	GET	/user/img/undraw_profile_3.svg	undefined
05.03.2025	 21.35.12	46cd7f16-f740-402a-bf18-3799a02778ff	GET	/user/img/undraw_profile.svg	undefined
05.03.2025	 21.35.15	0e630c51-a646-422b-bad1-0d13a117b311	GET	/users/blank	undefined
05.03.2025	 21.35.18	d2f4b858-2b9e-4835-97ac-f73c9e8412a1	GET	/user/get	undefined
05.03.2025	 21.35.18	32a7946b-8769-4579-b73e-e4ddc1befb1c	GET	/user/vendor/fontawesome-free/css/all.min.css	undefined
05.03.2025	 21.35.18	fa8f3706-69b8-4251-b7a6-b7b72331852f	GET	/user/img/undraw_profile_1.svg	undefined
05.03.2025	 21.35.18	043f20a3-8373-49ac-a4b7-942a23fb3bf1	GET	/user/img/undraw_profile_2.svg	undefined
05.03.2025	 21.35.18	49d2a42e-075e-447c-938e-4252c7ce388e	GET	/user/img/undraw_profile_3.svg	undefined
05.03.2025	 21.35.18	dc215aaa-8c7c-4a3d-a376-145c080a4ecb	GET	/user/img/undraw_profile.svg	undefined
05.03.2025	 21.35.22	c95f1672-f9ce-457e-a3b3-e966d9b3c45c	GET	/user/get	undefined
05.03.2025	 21.35.22	b4cc0ec3-f0a2-4f05-a4ea-a0723bc89e16	GET	/user/vendor/fontawesome-free/css/all.min.css	undefined
05.03.2025	 21.35.22	12fee52c-30b2-4409-9e67-42ecbb6c70e7	GET	/user/img/undraw_profile_1.svg	undefined
05.03.2025	 21.35.22	ad7a5e30-58a7-4d06-8897-a999fdc9860f	GET	/user/img/undraw_profile.svg	undefined
05.03.2025	 21.35.22	8c007118-ee52-406b-9d46-2ab5c9399180	GET	/user/img/undraw_profile_3.svg	undefined
05.03.2025	 21.35.22	c963db82-53ff-42cf-a9de-0f00038252cb	GET	/user/img/undraw_profile_2.svg	undefined
05.03.2025	 21.35.31	775e1e85-739b-4606-b2e5-17ce62f79164	GET	/user/get	undefined
05.03.2025	 21.35.31	dd8b0441-6324-47cd-8b4f-d3016dfdf6a0	GET	/user/vendor/fontawesome-free/css/all.min.css	undefined
05.03.2025	 21.35.31	3b2181e8-b7b7-4dce-9af8-e55dae8a6a2d	GET	/user/img/undraw_profile_1.svg	undefined
05.03.2025	 21.35.31	f8fc1ec5-d03a-4191-8eda-e578c592612b	GET	/user/img/undraw_profile_2.svg	undefined
05.03.2025	 21.35.31	78996895-bd92-4607-81f0-a301d383baac	GET	/user/img/undraw_profile_3.svg	undefined
05.03.2025	 21.35.31	d9b7319a-2c06-4849-9043-0419e5b9209b	GET	/user/img/undraw_profile.svg	undefined
05.03.2025	 21.36.15	8de85b69-b015-416e-89ff-a53107c0afd1	GET	/user/get	undefined
05.03.2025	 21.36.16	3500c1d9-bdc1-4f62-9d6b-86809b8bfd54	GET	/user/vendor/fontawesome-free/css/all.min.css	undefined
05.03.2025	 21.36.16	c58392ab-9887-4424-a013-548982707aa9	GET	/user/img/undraw_profile_1.svg	undefined
05.03.2025	 21.36.16	13c1fe85-0f15-4cbb-883f-d496eaace839	GET	/user/img/undraw_profile_3.svg	undefined
05.03.2025	 21.36.16	916d308d-7593-49e5-a984-49f0c44cf9b6	GET	/user/img/undraw_profile_2.svg	undefined
05.03.2025	 21.36.16	830c1370-9ce8-4a94-aca3-b289a0816429	GET	/user/img/undraw_profile.svg	undefined
05.03.2025	 21.36.47	15b92c25-fbb8-43f8-a420-646491d70da3	POST	/api/auth/logout	http://localhost:5000
05.03.2025	 21.36.56	780ff8cd-6d75-4587-802e-a9a3e4100004	GET	/login	undefined
05.03.2025	 21.37.05	b7065cd7-0ba9-4285-b46c-7bbf295c16a4	GET	/user/get	undefined
05.03.2025	 21.37.05	32bfdf2e-7d24-440b-a949-4edcf165a2f0	GET	/user/vendor/fontawesome-free/css/all.min.css	undefined
05.03.2025	 21.37.05	0c5e45b0-3cde-480e-a80f-6bc09b7bd8cd	GET	/user/img/undraw_profile_1.svg	undefined
05.03.2025	 21.37.05	9d1b9bc4-8ccd-420f-b04d-78d8561df676	GET	/user/img/undraw_profile_3.svg	undefined
05.03.2025	 21.37.05	e8119b02-bbb5-4942-93c2-730ad3bff99a	GET	/user/img/undraw_profile_2.svg	undefined
05.03.2025	 21.37.05	76dd8ae9-8f3b-4813-a766-9df68acd8a2d	GET	/user/img/undraw_profile.svg	undefined
05.03.2025	 21.38.15	1a3d1fd1-327f-4a12-bf98-ea7589bd1a33	GET	/user/get	undefined
05.03.2025	 21.39.52	84fcc8a9-949f-4833-a480-68fc92c87be6	POST	/api/auth/login	http://localhost:5000
05.03.2025	 21.39.53	25f65a82-5cc1-4a07-aa2b-f90714f5b3f2	GET	/home	undefined
05.03.2025	 21.39.57	559ec1cf-305d-4d8b-a576-d1dd35e7e984	GET	/user/get	undefined
05.03.2025	 21.39.57	43f6e7cc-2fb4-4b7e-a422-3fff966e4d66	GET	/user/vendor/fontawesome-free/css/all.min.css	undefined
05.03.2025	 21.39.57	3acb272c-ef55-4395-8df2-696cbbfc99ea	GET	/user/img/undraw_profile_1.svg	undefined
05.03.2025	 21.39.57	a4392efd-30e8-472c-a737-d6e96b85813d	GET	/user/img/undraw_profile_2.svg	undefined
05.03.2025	 21.39.57	75acf9d1-5995-4e4a-971b-2de8ea7de415	GET	/user/img/undraw_profile_3.svg	undefined
05.03.2025	 21.39.57	ccf542de-6b6c-4348-a4ef-a91617ce1a77	GET	/user/img/undraw_profile.svg	undefined
05.03.2025	 21.41.13	5627fc53-4b58-4533-85bf-e9804dd39b8f	GET	/user/get	undefined
05.03.2025	 21.41.13	86a6ee7e-3e5d-4ab4-b976-810a8ff14d18	GET	/user/vendor/fontawesome-free/css/all.min.css	undefined
05.03.2025	 21.41.13	b42b54cf-0493-4a69-a0d4-37c997e3a28a	GET	/user/img/undraw_profile_1.svg	undefined
05.03.2025	 21.41.13	956b6520-8f1b-40ea-b7ba-25750d245f41	GET	/user/img/undraw_profile_2.svg	undefined
05.03.2025	 21.41.13	f422dfb2-4818-4978-924b-aab9b567f36e	GET	/user/img/undraw_profile_3.svg	undefined
05.03.2025	 21.42.07	1e7a5c9b-a72d-44a8-b11f-358077034f2f	GET	/user/get	undefined
05.03.2025	 21.42.07	548ae73a-d343-4753-b2a7-035cffaec356	GET	/login	undefined
05.03.2025	 21.42.10	90e16d69-4879-4269-8129-401e730fb394	POST	/api/auth/login	http://localhost:5000
05.03.2025	 21.42.11	fb1c18f5-a356-4046-9bb7-d650805f23fe	GET	/home	undefined
05.03.2025	 21.42.16	de23bde1-4d28-4b49-b98f-1423ddf002fd	GET	/user/get	undefined
05.03.2025	 21.42.16	e1159660-d030-4136-bda4-1bbe4494efb4	GET	/user/vendor/fontawesome-free/css/all.min.css	undefined
05.03.2025	 21.42.16	6e336821-c4b9-43d8-951e-7cfa4335d3fa	GET	/user/img/undraw_profile_1.svg	undefined
05.03.2025	 21.42.16	e2ed716e-8776-4d2b-bf76-ff377b1f6fe4	GET	/user/img/undraw_profile_2.svg	undefined
05.03.2025	 21.42.16	2ffcb477-e2a6-4120-98c1-aa79348d00d3	GET	/user/img/undraw_profile_3.svg	undefined
05.03.2025	 21.46.41	7381322f-5f85-4c45-84eb-d837d84a91f6	GET	/user/get	undefined
05.03.2025	 21.47.26	ee1c0b61-44c2-4fb9-b793-fb7175e0bc94	GET	/user/getUse	undefined
05.03.2025	 21.47.29	8117341d-81fa-4811-800c-beba7de3dd2c	GET	/user/getUser	undefined
05.03.2025	 21.47.29	9b995061-4359-4e4b-8fde-03e8d845a922	GET	/login	undefined
05.03.2025	 21.47.34	757f0316-f442-414b-a287-cf3e77242166	POST	/api/auth/login	http://localhost:5000
05.03.2025	 21.47.34	3476144b-6948-4359-b4ff-ca23c51dc058	GET	/home	undefined
05.03.2025	 21.47.47	2ed9fac2-7b3a-4aae-9577-b01870c1c880	GET	/user/getUser	undefined
05.03.2025	 21.47.47	0ba58879-5c6b-44cc-8ff8-4f39abfd7aa1	GET	/user/vendor/fontawesome-free/css/all.min.css	undefined
05.03.2025	 21.47.47	9e1b2bd6-b921-4490-958a-d30dde24e1fc	GET	/user/img/undraw_profile_1.svg	undefined
05.03.2025	 21.47.47	3b521b7a-6db3-417c-98f4-9662d6511259	GET	/user/img/undraw_profile_2.svg	undefined
05.03.2025	 21.47.47	2eb800f0-f6c6-49b2-a880-de3b5dde9882	GET	/user/img/undraw_profile_3.svg	undefined
05.03.2025	 21.49.39	b4d0d82e-f2c5-4166-baf1-498a0045d932	GET	/user/getUser	undefined
05.03.2025	 21.49.39	b29fdaa9-d36f-447b-bf83-272ef1819879	GET	/user/vendor/fontawesome-free/css/all.min.css	undefined
05.03.2025	 21.49.39	6c5ce3da-6310-4969-b65a-e96bc997c635	GET	/user/img/undraw_profile_3.svg	undefined
05.03.2025	 21.49.39	006ec89f-0f5e-4a81-b363-3c01b02b17b3	GET	/user/img/undraw_profile_1.svg	undefined
05.03.2025	 21.49.39	b7b05e29-bff5-430c-b93b-a6aeca8c7bee	GET	/user/img/undraw_profile_2.svg	undefined
05.03.2025	 21.49.41	c4ae3be7-5e02-48dc-8d21-e71af0c6ff42	GET	/user/getUser	undefined
05.03.2025	 21.49.41	d805cfd9-b031-4abc-baae-d506371966b9	GET	/user/vendor/fontawesome-free/css/all.min.css	undefined
05.03.2025	 21.49.41	b078e82a-dd9b-4476-bbf4-b40154355d9d	GET	/user/img/undraw_profile_3.svg	undefined
05.03.2025	 21.49.41	68da8531-a62e-4710-a437-9102832911a3	GET	/user/img/undraw_profile_1.svg	undefined
05.03.2025	 21.49.41	efe6ec4d-ff32-40b4-ad81-777a0e95da4a	GET	/user/img/undraw_profile_2.svg	undefined
05.03.2025	 21.49.43	c930696e-5a4f-4089-a182-ad0e95a74a3d	GET	/user/updateUser	undefined
05.03.2025	 21.50.44	58c917c0-43ce-4f76-bb7e-0bf67d06409e	GET	/user/updateUser	undefined
05.03.2025	 21.50.44	921bed0f-7e0c-4145-b294-2efcf0faa628	GET	/login	undefined
05.03.2025	 21.50.48	598cfa5c-6be2-403b-877a-79f1c609f331	POST	/api/auth/login	http://localhost:5000
05.03.2025	 21.50.49	00eca88e-d0f7-4caa-942a-a251ce917320	GET	/home	undefined
05.03.2025	 21.50.50	f37c3ddb-09e7-45c4-8785-06e75d51640b	GET	/user/getUser	undefined
05.03.2025	 21.50.51	ea753245-d2d3-4399-95e6-8aa387d5548a	GET	/user/vendor/fontawesome-free/css/all.min.css	undefined
05.03.2025	 21.50.51	712f5a6c-ae35-454f-9732-4e48e80b3a00	GET	/user/img/undraw_profile_1.svg	undefined
05.03.2025	 21.50.51	03c68222-4397-4408-ada6-bd01e6fa5ce5	GET	/user/img/undraw_profile_3.svg	undefined
05.03.2025	 21.50.51	273a27da-c1da-4088-af01-96bd0ef3a504	GET	/user/img/undraw_profile_2.svg	undefined
05.03.2025	 21.50.52	49f02250-83b0-49c5-9b35-ce0d02a8f671	GET	/user/updateUser	undefined
05.03.2025	 21.51.01	025e7d4d-dd1e-4cd8-81ee-a9ed411bb3bf	GET	/user/deleteUser	undefined
05.03.2025	 21.51.03	727d9058-16f0-459a-8268-8ab909ceacfa	GET	/user/getUser	undefined
05.03.2025	 21.51.03	bae89bdf-d691-4369-b6ec-d142913d776b	GET	/user/vendor/fontawesome-free/css/all.min.css	undefined
05.03.2025	 21.51.03	52c8be42-660d-4651-aa37-6b893090a56b	GET	/user/img/undraw_profile_3.svg	undefined
05.03.2025	 21.51.03	4154b69a-7852-4203-b6d4-8cc2c775dc95	GET	/user/img/undraw_profile_1.svg	undefined
05.03.2025	 21.51.03	f2a4c6d5-71f3-4693-8387-d9753329c430	GET	/user/img/undraw_profile_2.svg	undefined
05.03.2025	 21.51.07	a31c70ee-5a9c-4a7f-84e7-df01ad8b3d5d	GET	/user/getUser	undefined
05.03.2025	 21.51.07	a85492ff-1acb-4159-883f-89f8951eb073	GET	/user/vendor/fontawesome-free/css/all.min.css	undefined
05.03.2025	 21.51.07	26814c35-d132-4956-ac43-ea8153539adc	GET	/user/img/undraw_profile_1.svg	undefined
05.03.2025	 21.51.07	56252203-f6e6-426b-a801-0c602fcd5c95	GET	/user/img/undraw_profile_2.svg	undefined
05.03.2025	 21.51.07	a040aecc-352e-4a5f-a3e8-d4b7952a5845	GET	/user/img/undraw_profile_3.svg	undefined
05.03.2025	 21.51.09	bec95453-04a8-4b78-ae67-182ee630681e	GET	/user/updateUser	undefined
05.03.2025	 21.52.24	8621899a-728c-4c03-9cb3-dcd5ea51f50b	GET	/user/getUser	undefined
05.03.2025	 21.52.24	b8e1e7ac-2acf-421a-a9ea-a3ffd40aa0fb	GET	/login	undefined
05.03.2025	 21.52.28	47d9d50b-a1c5-4f79-9a99-12389d98650e	POST	/api/auth/login	http://localhost:5000
05.03.2025	 21.52.28	b52b7a91-aca1-4608-a219-b5bef400224d	GET	/home	undefined
05.03.2025	 21.52.30	cb2b1360-a8a5-4bbd-8d5d-c739ef17d87a	GET	/user/getUser	undefined
05.03.2025	 21.52.30	247b92fb-af08-4cf2-9a85-854eddc9b596	GET	/user/vendor/fontawesome-free/css/all.min.css	undefined
05.03.2025	 21.52.30	e083cf3b-7db7-4274-aedf-c246c2570062	GET	/user/img/undraw_profile_2.svg	undefined
05.03.2025	 21.52.30	7e8e9f51-b8ed-4b90-9855-3287f7f2f089	GET	/user/img/undraw_profile_3.svg	undefined
05.03.2025	 21.52.30	99f214e9-6c2d-40d4-8f34-276f30976a86	GET	/user/img/undraw_profile_1.svg	undefined
05.03.2025	 21.52.37	63e6e140-470a-47b3-8af0-246d8bf1acf1	GET	/user/updateUser	undefined
05.03.2025	 21.53.26	6587fb61-b281-4a61-acba-30dd277366f5	GET	/user/updateUser	undefined
05.03.2025	 21.53.28	004d6bb1-e09a-439d-b296-437dc9982cbe	GET	/user/updateUser	undefined
05.03.2025	 21.54.02	9365d694-5505-4ff9-bc83-e5b710882c5c	GET	/user/updateUser	undefined
05.03.2025	 21.54.52	d95b4135-a7e1-4077-a7bf-8c5535fd53c4	GET	/user/updateUser	undefined
05.03.2025	 21.54.54	3d7de29e-d5f0-4c90-98c5-16d1a9580cfc	GET	/user/getUser	undefined
05.03.2025	 21.54.54	63f94b47-7b3a-4380-9cf6-e536d33c47ca	GET	/user/vendor/fontawesome-free/css/all.min.css	undefined
05.03.2025	 21.54.54	ffd09483-93b3-4411-b9ea-cbe5d479319c	GET	/user/img/undraw_profile_1.svg	undefined
05.03.2025	 21.54.54	117859de-5392-4cf1-9ffd-a9ab214f46dc	GET	/user/img/undraw_profile_3.svg	undefined
05.03.2025	 21.54.54	81328c8f-36d4-4de5-9f10-298bf739ca04	GET	/user/img/undraw_profile_2.svg	undefined
05.03.2025	 21.54.57	fe06ee0e-dda8-4c76-bbf2-ef5e30831e5c	GET	/user/updateUser	undefined
05.03.2025	 21.56.58	79e27659-5cfc-4a0a-b53c-b22213ca6976	GET	/user/updateUser	undefined
05.03.2025	 21.56.58	f3022e83-9889-47c2-b98b-df7f3df24f6d	GET	/user/vendor/fontawesome-free/css/all.min.css	undefined
05.03.2025	 21.56.58	27d9f7bf-cfa2-486f-9c9e-acc65fcfbdab	GET	/user/img/undraw_profile_1.svg	undefined
05.03.2025	 21.56.58	80c73839-8dc5-4794-9191-7aad800bb9a9	GET	/user/img/undraw_profile_3.svg	undefined
05.03.2025	 21.56.58	3abe3715-d687-415d-903f-18fb22c9b061	GET	/user/img/undraw_profile_2.svg	undefined
05.03.2025	 21.57.12	78b6ee1a-962a-46fc-81e3-b797ec368b81	GET	/user/updateUser	undefined
05.03.2025	 21.57.12	aa9ac40c-01e4-4fea-9a94-abd32f47b86a	GET	/user/vendor/fontawesome-free/css/all.min.css	undefined
05.03.2025	 21.57.12	ecba621b-9458-4437-8fa6-c8deb98efc9d	GET	/user/img/undraw_profile_3.svg	undefined
05.03.2025	 21.57.12	36b243e5-3ce3-4f7c-a873-222e87875501	GET	/user/img/undraw_profile_2.svg	undefined
05.03.2025	 21.57.12	b5efd4e9-f227-41de-ad93-553334bed466	GET	/user/img/undraw_profile_1.svg	undefined
05.03.2025	 21.57.25	57efa581-9bd4-4906-b3ee-766697ccc6f7	GET	/user/updateUser	undefined
05.03.2025	 21.57.25	9b66e877-da86-4f53-9428-d9c4fa6d65be	GET	/user/vendor/fontawesome-free/css/all.min.css	undefined
05.03.2025	 21.57.25	4e9d97bd-94a8-4605-bf1e-409a76e32e8c	GET	/user/img/undraw_profile_1.svg	undefined
05.03.2025	 21.57.25	6fa61fb8-100d-4954-aafd-2c9ccee09f64	GET	/user/img/undraw_profile_3.svg	undefined
05.03.2025	 21.57.25	0007ad27-b219-4e1f-ad2c-f05fe5713b42	GET	/user/img/undraw_profile_2.svg	undefined
05.03.2025	 21.57.27	1ca5cd3d-648a-4354-9299-30b8eb82556c	GET	/user/getUser	undefined
05.03.2025	 21.57.27	bb27ae85-6928-4bd9-8901-61f195f94342	GET	/user/vendor/fontawesome-free/css/all.min.css	undefined
05.03.2025	 21.57.27	68f0d1a2-1cb9-4a10-8845-aaddbd3ce199	GET	/user/img/undraw_profile_1.svg	undefined
05.03.2025	 21.57.27	a1a4ca01-b774-4165-939a-f8005d9143f1	GET	/user/img/undraw_profile_2.svg	undefined
05.03.2025	 21.57.27	b7d65c39-dfd7-411d-8e55-fe4ce6f5c21e	GET	/user/img/undraw_profile_3.svg	undefined
05.03.2025	 21.57.29	65f3fe26-d88d-4349-900c-85a7407e18d5	GET	/user/updateUser	undefined
05.03.2025	 21.57.29	ce7862b7-98dc-4a49-80ef-a6903c442c06	GET	/user/vendor/fontawesome-free/css/all.min.css	undefined
05.03.2025	 21.57.29	802d0d90-fbd7-4945-bfe4-9ad519b11e93	GET	/user/img/undraw_profile_3.svg	undefined
05.03.2025	 21.57.29	65f60804-974f-4068-bc8c-7c05626aba7f	GET	/user/img/undraw_profile_1.svg	undefined
05.03.2025	 21.57.29	732189cd-af21-4e45-b153-d82b74d0732a	GET	/user/img/undraw_profile_2.svg	undefined
05.03.2025	 21.57.31	2504b06c-7c5d-4e4a-94a2-fbff4c08dd5c	GET	/user/deleteUser	undefined
05.03.2025	 21.57.31	730e2686-be03-48fe-897c-3f80cba9f03b	GET	/user/vendor/fontawesome-free/css/all.min.css	undefined
05.03.2025	 21.57.31	615db9a5-1962-4049-b94e-02373bd9ba7a	GET	/user/img/undraw_profile_3.svg	undefined
05.03.2025	 21.57.31	4cb31917-d418-4c1f-a4f9-fe5752a32242	GET	/user/img/undraw_profile_2.svg	undefined
05.03.2025	 21.57.31	421e71bf-a7ac-48d3-9f89-012b300b688e	GET	/user/img/undraw_profile_1.svg	undefined
05.03.2025	 21.57.34	a5be17cf-98b9-4177-9d7d-4634fe53ebf6	GET	/user/deleteUser	undefined
05.03.2025	 21.57.34	46651436-1e4d-48cb-8687-d3ae2c26bb39	GET	/user/vendor/fontawesome-free/css/all.min.css	undefined
05.03.2025	 21.57.34	284322d8-cd3d-4e89-92e3-d068fc7c4e0f	GET	/user/img/undraw_profile_1.svg	undefined
05.03.2025	 21.57.34	8b56ef5e-0c2c-4c41-8908-cfdaced5cf15	GET	/user/img/undraw_profile_2.svg	undefined
05.03.2025	 21.57.34	67b3373b-8232-407c-a53e-d8783a6c3f3a	GET	/user/img/undraw_profile_3.svg	undefined
05.03.2025	 22.01.56	b9d2b4e4-11bd-4a0b-9920-1eacdd02f7e8	GET	/meals/getMeals	undefined
05.03.2025	 22.02.07	4226c8be-074e-4926-8661-805bf9ce7933	GET	/meals/getMeal	undefined
05.03.2025	 22.02.49	0e858985-8847-4d8c-b997-6519a0f06b2e	GET	/meals/getMeal	undefined
05.03.2025	 22.02.56	dc11c8d9-f577-488d-a8d9-26c1168a5d44	GET	/blank	undefined
05.03.2025	 22.03.10	f14768c6-7859-4030-a5b2-6012fea48d7d	GET	/user/deleteUser	undefined
05.03.2025	 22.03.10	b0dfac37-65ae-4740-8bce-3fa84f02c2d3	GET	/login	undefined
05.03.2025	 22.04.24	8261f8c6-c5c4-4929-bff4-806568088f60	POST	/api/auth/login	http://localhost:5000
05.03.2025	 22.04.24	9416fd7e-467d-4ea6-8764-ce3f392dbc28	GET	/home	undefined
05.03.2025	 22.04.26	6285513a-5294-4b5f-82f4-f890e9d70519	GET	/meal/deleteMeal	undefined
05.03.2025	 22.04.29	bdd57fab-73e4-44fc-8428-879f92be26ca	GET	/meal/getMeal	undefined
05.03.2025	 22.04.29	5c149159-fc6a-491a-a0d2-345d3696a4bc	GET	/meal/vendor/fontawesome-free/css/all.min.css	undefined
05.03.2025	 22.04.29	c961d0b1-f8ab-4b2e-a14b-a62b02d1769e	GET	/meal/img/undraw_profile_1.svg	undefined
05.03.2025	 22.04.29	2492b715-e9db-442b-a60c-fe093292c4a1	GET	/meal/img/undraw_profile_2.svg	undefined
05.03.2025	 22.04.29	aacea9ed-e5b9-4e8e-8ed6-d5ac39122330	GET	/meal/img/undraw_profile_3.svg	undefined
05.03.2025	 22.04.31	e5bd5845-6a2e-472d-a5c9-285ff2cd7711	GET	/meal/updateMeal	undefined
05.03.2025	 22.06.06	0d728d63-17b8-4246-a95b-1fd51257ac72	GET	/meal/updateMeal	undefined
05.03.2025	 22.06.06	b3d6ad97-3798-4230-955c-152395174978	GET	/login	undefined
05.03.2025	 22.06.10	0037f1f6-3cc5-4109-a3cf-80ae4a2b1015	POST	/api/auth/login	http://localhost:5000
05.03.2025	 22.06.10	555e5270-0bbd-4015-ad45-a1d691608663	GET	/home	undefined
05.03.2025	 22.06.12	e981ebe9-8faa-4a54-8701-6fbc8de74c29	GET	/meal/getMeal	undefined
05.03.2025	 22.06.12	470d8ce0-ecee-40c7-9bca-05e27701aa48	GET	/meal/vendor/fontawesome-free/css/all.min.css	undefined
05.03.2025	 22.06.12	e746081f-7131-490a-8963-24481593b9bb	GET	/meal/img/undraw_profile_2.svg	undefined
05.03.2025	 22.06.12	a29fe550-914c-46db-ac31-99c17463d27a	GET	/meal/img/undraw_profile_3.svg	undefined
05.03.2025	 22.06.12	1ec8504d-8af4-43a8-93da-a6c149e4d8fb	GET	/meal/img/undraw_profile_1.svg	undefined
05.03.2025	 22.06.13	d5af6ab6-a517-44b0-80bb-b8de7abc1dfb	GET	/meal/deleteMeal	undefined
05.03.2025	 22.06.13	3c2a850c-daa3-4889-a66b-5618726fc21b	GET	/meal/vendor/fontawesome-free/css/all.min.css	undefined
05.03.2025	 22.06.13	a5a9a64f-717c-4696-9e5c-3a20919ac1fc	GET	/meal/img/undraw_profile_1.svg	undefined
05.03.2025	 22.06.13	2b0b9efb-20d0-4c98-a6c8-9c812adea51e	GET	/meal/img/undraw_profile_2.svg	undefined
05.03.2025	 22.06.13	94513558-5552-4f50-9401-dab136e90e27	GET	/meal/img/undraw_profile_3.svg	undefined
05.03.2025	 22.06.15	6c1f5312-40f9-4ffa-ae2e-f6bf57bf2036	GET	/meal/updateMeal	undefined
05.03.2025	 22.06.15	739127e2-8d68-4f55-9d50-74866afea54d	GET	/meal/vendor/fontawesome-free/css/all.min.css	undefined
05.03.2025	 22.06.15	d7e14f65-96ed-4a30-9d87-5e01bf34c54e	GET	/meal/img/undraw_profile_1.svg	undefined
05.03.2025	 22.06.15	bc01772c-cdb6-490e-93f4-2f7882450154	GET	/meal/img/undraw_profile_2.svg	undefined
05.03.2025	 22.06.15	40dfbd49-785f-4391-b416-614ed3f05363	GET	/meal/img/undraw_profile_3.svg	undefined
05.03.2025	 22.07.36	0fc773b8-1957-4259-b465-c24531117613	GET	/meal/updateMeal	undefined
05.03.2025	 22.07.36	16755dc2-f96b-415d-a802-88bab6104ea6	GET	/meal/vendor/fontawesome-free/css/all.min.css	undefined
05.03.2025	 22.07.36	4c7c44cd-4963-4c54-8191-a8bc3138c57f	GET	/meal/img/undraw_profile_2.svg	undefined
05.03.2025	 22.07.36	d11f609c-c8ee-4197-b4fc-90646743fa6d	GET	/meal/img/undraw_profile_1.svg	undefined
05.03.2025	 22.07.36	dfa9810f-f016-49ac-9388-245076b28ab2	GET	/meal/img/undraw_profile_3.svg	undefined
05.03.2025	 22.07.42	d7c5e569-6991-43ec-a84b-5d2005daaa1c	GET	/user/updateUser	undefined
05.03.2025	 22.07.42	9a176084-5bca-4e44-be81-e53ba1d04a85	GET	/user/vendor/fontawesome-free/css/all.min.css	undefined
05.03.2025	 22.07.42	bf0e1522-8c53-4cca-8f51-87b0a5f831e8	GET	/user/img/undraw_profile_3.svg	undefined
05.03.2025	 22.07.42	1546a1ad-2138-405b-a895-3fd0790f7b61	GET	/user/img/undraw_profile_1.svg	undefined
05.03.2025	 22.07.42	f7e58c41-8499-4b6f-9703-fb326df3c2ee	GET	/user/img/undraw_profile_2.svg	undefined
05.03.2025	 22.07.43	ff91ad94-2690-4a8c-991d-d5fb10abb4b8	GET	/user/updateUser	undefined
05.03.2025	 22.07.43	457c9f01-499a-49f5-9e83-46dc65ab2b97	GET	/user/vendor/fontawesome-free/css/all.min.css	undefined
05.03.2025	 22.07.43	4969e3c0-a230-4a04-9703-fdb08b5859b5	GET	/user/img/undraw_profile_1.svg	undefined
05.03.2025	 22.07.43	7aa60881-387c-4406-a2f0-336d14a28586	GET	/user/img/undraw_profile_2.svg	undefined
05.03.2025	 22.07.43	d094e4e1-05ef-43ba-b9bf-75fee547e2bf	GET	/user/img/undraw_profile_3.svg	undefined
05.03.2025	 22.07.44	d30014cd-f40d-4382-ab64-c23cb492436b	GET	/user/deleteUser	undefined
05.03.2025	 22.07.44	aa320bbb-6694-4c7d-a68b-21c42c89ff2f	GET	/user/img/undraw_profile_1.svg	undefined
05.03.2025	 22.07.44	10a958d7-445c-48f7-a31c-f8a2dc3517a2	GET	/user/vendor/fontawesome-free/css/all.min.css	undefined
05.03.2025	 22.07.44	3269ebf0-7692-4042-bd64-6cbe7cdc2d21	GET	/user/img/undraw_profile_3.svg	undefined
05.03.2025	 22.07.44	6381510b-2568-4a0a-b45b-c5bcdc2e8e66	GET	/user/img/undraw_profile_2.svg	undefined
05.03.2025	 22.07.46	d339e7dc-b77c-431e-b4f2-c451c91bf25e	GET	/meal/getMeal	undefined
05.03.2025	 22.07.46	ebc1665e-ac24-4294-835c-d48e039872b9	GET	/meal/vendor/fontawesome-free/css/all.min.css	undefined
05.03.2025	 22.07.46	b8efb514-f813-41eb-bb12-a4a374d9ebfd	GET	/meal/img/undraw_profile_3.svg	undefined
05.03.2025	 22.07.46	450fbf58-0f80-401f-aaa6-8b361504422b	GET	/meal/img/undraw_profile_1.svg	undefined
05.03.2025	 22.07.46	29f5b326-1050-4d45-b353-fe8a51277267	GET	/meal/img/undraw_profile_2.svg	undefined
05.03.2025	 22.07.47	3053c464-85cf-4332-9550-7429e5d43705	GET	/meal/deleteMeal	undefined
05.03.2025	 22.07.47	0129e023-9572-4527-8416-5f9f72521753	GET	/meal/vendor/fontawesome-free/css/all.min.css	undefined
05.03.2025	 22.07.47	03c14d3e-e5d3-4add-9050-80de1d5e7dd1	GET	/meal/img/undraw_profile_1.svg	undefined
05.03.2025	 22.07.47	126b19f8-db70-475f-889d-c6328ff3fe2d	GET	/meal/img/undraw_profile_2.svg	undefined
05.03.2025	 22.07.47	d936d141-c1e1-4cc2-be86-2526c3b889ab	GET	/meal/img/undraw_profile_3.svg	undefined
05.03.2025	 22.07.49	431812bd-4df4-4807-8bed-6975d84a6ae7	GET	/meal/deleteMeal	undefined
05.03.2025	 22.07.49	c8d67b2d-2aae-49a7-bbaf-1aac99e3b3a0	GET	/meal/vendor/fontawesome-free/css/all.min.css	undefined
05.03.2025	 22.07.49	42c5a6b8-469b-4792-b272-543ef14d30ec	GET	/meal/img/undraw_profile_1.svg	undefined
05.03.2025	 22.07.49	c2c05a28-8950-4d3d-81cd-5e3c33602712	GET	/meal/img/undraw_profile_2.svg	undefined
05.03.2025	 22.07.49	c65625f2-c80c-4113-a63d-f81431abe3a8	GET	/meal/img/undraw_profile_3.svg	undefined
05.03.2025	 22.08.09	c9c96d75-3653-47c2-8f34-43cba54a0d05	GET	/meal/deleteMeal	undefined
05.03.2025	 22.08.09	63f16f0b-fefd-4ae1-8663-40558c2fea06	GET	/meal/vendor/fontawesome-free/css/all.min.css	undefined
05.03.2025	 22.08.09	61d33034-8389-43c0-ac6f-32e746e1faad	GET	/meal/img/undraw_profile_3.svg	undefined
05.03.2025	 22.08.09	bfee4678-0b26-4119-a875-56628764b67c	GET	/meal/img/undraw_profile_1.svg	undefined
05.03.2025	 22.08.09	791a71e1-ac72-42a8-b7f3-c456ec8605d5	GET	/meal/img/undraw_profile_2.svg	undefined
05.03.2025	 22.14.50	6d235785-4d60-496f-b84d-4f239fca0441	GET	/user/getUser	undefined
05.03.2025	 22.14.51	8af0db28-7079-4c44-b888-bd614148d441	GET	/user/vendor/fontawesome-free/css/all.min.css	undefined
05.03.2025	 22.14.51	95ff85a0-877f-49f0-8d1d-1ca20c0da612	GET	/user/img/undraw_profile_1.svg	undefined
05.03.2025	 22.14.51	5a59c421-aa3d-4f59-ad76-73acec118a24	GET	/user/img/undraw_profile_2.svg	undefined
05.03.2025	 22.14.51	98cc2c71-31e8-4f26-8883-d80522fa9ac0	GET	/user/img/undraw_profile_3.svg	undefined
05.03.2025	 22.14.52	c278e6f2-efd3-41f4-aaac-14610e78ad72	GET	/user/getUser	undefined
05.03.2025	 22.14.52	1672f160-8aa3-4ecb-816a-584785ce2e1c	GET	/user/vendor/fontawesome-free/css/all.min.css	undefined
05.03.2025	 22.14.52	fc57ed01-858c-4dc4-8aa1-d3934fe5b601	GET	/user/img/undraw_profile_1.svg	undefined
05.03.2025	 22.14.52	45ec804b-15fb-4f92-9584-1f0da28abf08	GET	/user/img/undraw_profile_3.svg	undefined
05.03.2025	 22.14.52	12f86b5f-812a-4ae7-8b9f-cd18ccfc2a7b	GET	/user/img/undraw_profile_2.svg	undefined
05.03.2025	 22.14.53	ea3df190-c071-4435-8f86-3c874a368a50	GET	/user/updateUser	undefined
05.03.2025	 22.14.53	b504a6ab-06f6-4162-a80b-18c0029e79fe	GET	/user/vendor/fontawesome-free/css/all.min.css	undefined
05.03.2025	 22.14.53	aaa3fd4b-10e5-4bf2-9371-ee85ff292d7a	GET	/user/img/undraw_profile_1.svg	undefined
05.03.2025	 22.14.53	09777620-e91a-4d6b-865b-d747971d7120	GET	/user/img/undraw_profile_3.svg	undefined
05.03.2025	 22.14.53	1a649545-f389-4f29-9e94-873b0f4537d5	GET	/user/img/undraw_profile_2.svg	undefined
05.03.2025	 22.14.56	6a55478f-4fc5-4ba9-b74b-37b20a4f8bf4	GET	/meal/deleteMeal	undefined
05.03.2025	 22.14.56	7a73bbae-b79a-48dd-b5bd-280e73597f11	GET	/meal/vendor/fontawesome-free/css/all.min.css	undefined
05.03.2025	 22.14.56	78b1a101-4190-44ed-a974-e0899adf59b1	GET	/meal/img/undraw_profile_1.svg	undefined
05.03.2025	 22.14.56	25c3839a-c243-449c-be1d-d4aacb537007	GET	/meal/img/undraw_profile_2.svg	undefined
05.03.2025	 22.14.56	fbaa504a-8193-4ae6-ad1a-269b1f5df787	GET	/meal/img/undraw_profile_3.svg	undefined
05.03.2025	 22.15.25	35d8e80e-49da-4c9f-a02d-89865bb63d35	GET	/forgot-password	undefined
05.03.2025	 22.15.35	02188057-6063-416e-b8e0-3860c78aff26	GET	/tables	undefined
05.03.2025	 22.15.51	399f0886-96f9-4a4a-8308-54765e364be8	GET	/blank	undefined
05.03.2025	 22.16.08	17289ef3-2e32-49b4-acb7-58bc05e50733	GET	/meal/getMeal	undefined
05.03.2025	 22.16.09	237325b8-919d-4948-a218-d6120d3d0a19	GET	/meal/vendor/fontawesome-free/css/all.min.css	undefined
05.03.2025	 22.16.09	3e3f4bc4-6f6d-48f3-bdcb-c08891e5744a	GET	/meal/img/undraw_profile_3.svg	undefined
05.03.2025	 22.16.09	84f9e090-0de6-4095-9212-b5db5271f3fa	GET	/meal/img/undraw_profile_2.svg	undefined
05.03.2025	 22.16.09	c040bf1a-51c5-4479-b491-c0b98cb4d9f9	GET	/meal/img/undraw_profile_1.svg	undefined
05.03.2025	 22.16.19	395ec6d3-2b1a-4f9e-8852-f8ffaf701ea0	GET	/blank	undefined
05.03.2025	 22.23.43	ef805d0e-9f91-4fb3-91d4-f234430c50c7	GET	/blank	undefined
05.03.2025	 22.23.47	71560eb1-ffcf-4e26-84ad-5824820dd179	GET	/meal/getMeal	undefined
05.03.2025	 22.23.47	3d98eb77-a0b1-4e30-a4a7-091a8832fe46	GET	/login	undefined
05.03.2025	 22.23.51	68d752b8-a18b-402f-9644-9e8a7e76599e	POST	/api/auth/login	http://localhost:5000
05.03.2025	 22.23.51	3d9eaca9-4547-4a62-9802-6895214af013	GET	/home	undefined
05.03.2025	 22.23.53	786f08e3-ea95-43a6-9515-7d56b92821da	GET	/meal/getMeal	undefined
05.03.2025	 22.23.53	f36b08e0-b589-489b-bcb6-f80379493e63	GET	/meal/vendor/fontawesome-free/css/all.min.css	undefined
05.03.2025	 22.23.53	46852f12-3be2-4c1c-b005-903641e8f238	GET	/meal/img/undraw_profile_1.svg	undefined
05.03.2025	 22.23.53	0a5c77fb-8ef7-42a2-ae08-d2691f72b983	GET	/meal/img/undraw_profile_3.svg	undefined
05.03.2025	 22.23.53	e14ecf02-1fbc-464d-aa3e-314b25ae374a	GET	/meal/img/undraw_profile_2.svg	undefined
05.03.2025	 22.23.55	e06f173b-aa1f-4824-ac85-312be8634d53	GET	/meal/deleteMeal	undefined
05.03.2025	 22.23.55	6501bf2c-45bd-4896-b2dd-47def816e34e	GET	/meal/vendor/fontawesome-free/css/all.min.css	undefined
05.03.2025	 22.23.55	0d5beb14-0b25-495e-8a54-6292feb3ab3b	GET	/meal/img/undraw_profile_1.svg	undefined
05.03.2025	 22.23.55	005cc8c3-baf0-4731-8a4c-7feb542a6f2b	GET	/meal/img/undraw_profile_3.svg	undefined
05.03.2025	 22.23.55	261569ed-8d0f-48fc-b179-6cfaa5b52b70	GET	/meal/img/undraw_profile_2.svg	undefined
05.03.2025	 22.23.58	5dac253f-bef8-4cd9-b928-9b16760d9f2a	GET	/comment/getComment	undefined
05.03.2025	 22.23.58	ac8ecf22-56ac-4126-8406-bdf91ee43fb4	GET	/comment/vendor/fontawesome-free/css/all.min.css	undefined
05.03.2025	 22.23.58	47edfb21-db3b-4794-920a-7bb8a4bc4f24	GET	/comment/img/undraw_profile_1.svg	undefined
05.03.2025	 22.23.58	30fc1176-5b4a-44ea-b778-af353bfc64f5	GET	/comment/img/undraw_profile_2.svg	undefined
05.03.2025	 22.23.58	48b433d8-ec5e-473c-9491-615cc06e5801	GET	/comment/img/undraw_profile_3.svg	undefined
05.03.2025	 22.24.00	37e1f5b5-8d10-4069-8a9e-da80ce8ea217	GET	/comment/deleteComment	undefined
05.03.2025	 22.24.00	23505a8e-c2bf-4676-bee1-d27c65a90acc	GET	/comment/vendor/fontawesome-free/css/all.min.css	undefined
05.03.2025	 22.24.00	27b44e6a-e5a5-4c44-899e-dbee43d620fc	GET	/comment/img/undraw_profile_2.svg	undefined
05.03.2025	 22.24.00	cba42c2a-ffb1-40af-bcec-b2e1af136929	GET	/comment/img/undraw_profile_3.svg	undefined
05.03.2025	 22.24.00	732c65d1-3a99-45fa-b723-a21b6a131ba3	GET	/comment/img/undraw_profile_1.svg	undefined
05.03.2025	 22.24.02	940db126-4551-42d5-b9bc-75c3e9b9e625	GET	/comment/updateComment	undefined
05.03.2025	 22.24.02	34230b19-57bd-4cc6-b24b-f723d4dcdf1f	GET	/comment/vendor/fontawesome-free/css/all.min.css	undefined
05.03.2025	 22.24.02	3b29f3a5-fced-4818-9bb7-56d271d4826e	GET	/comment/img/undraw_profile_1.svg	undefined
05.03.2025	 22.24.02	fd5bf06d-d039-4b7d-9fd4-c7b1bb582a6b	GET	/comment/img/undraw_profile_3.svg	undefined
05.03.2025	 22.24.02	5ff0cc5c-4ef9-4486-9a94-70c427263a1a	GET	/comment/img/undraw_profile_2.svg	undefined
05.03.2025	 22.24.26	5372027a-0f69-4aaa-8a1d-d7e8ae582398	GET	/comment/updateComment	undefined
05.03.2025	 22.24.26	b757d943-c512-4fe3-9c47-9362a2130b77	GET	/comment/vendor/fontawesome-free/css/all.min.css	undefined
05.03.2025	 22.24.26	b28b1be3-9b08-460f-b9a2-ac28a2bfd76a	GET	/comment/img/undraw_profile_1.svg	undefined
05.03.2025	 22.24.26	617e2a03-707c-4178-a7fb-48732153a877	GET	/comment/img/undraw_profile_2.svg	undefined
05.03.2025	 22.24.26	17bec1f3-3013-40c6-bc94-7c1946c915d5	GET	/comment/img/undraw_profile_3.svg	undefined
05.03.2025	 22.24.57	827e48e8-b397-4166-8cd0-1cce2af2691f	GET	/comment/updateComment	undefined
05.03.2025	 22.24.57	08c236a2-838d-4d43-a78c-f1027b371a0a	GET	/comment/vendor/fontawesome-free/css/all.min.css	undefined
05.03.2025	 22.24.57	300aa7dd-206f-40e8-9db9-095e644b8da0	GET	/comment/img/undraw_profile_1.svg	undefined
05.03.2025	 22.24.57	7fa12070-8394-4968-bbe0-b8095617fc99	GET	/comment/img/undraw_profile_3.svg	undefined
05.03.2025	 22.24.57	2ee1cb9b-3d70-4821-bb90-35f15d9ce52d	GET	/comment/img/undraw_profile_2.svg	undefined
05.03.2025	 22.25.00	0be8dab9-d0d0-4ce8-88f9-d6bf6b5af515	GET	/comment/getComment	undefined
05.03.2025	 22.25.00	36b3cdc9-d19c-42ba-87d7-a5e3172e9fda	GET	/comment/img/undraw_profile_1.svg	undefined
05.03.2025	 22.25.00	1c471bbe-3876-484e-ac75-c8f812dc5491	GET	/comment/vendor/fontawesome-free/css/all.min.css	undefined
05.03.2025	 22.25.00	79afecc4-d7f9-4314-906b-d37866bcea59	GET	/comment/img/undraw_profile_3.svg	undefined
05.03.2025	 22.25.00	8ed40d8a-926e-4870-868e-1591e040949f	GET	/comment/img/undraw_profile_2.svg	undefined
05.03.2025	 22.25.10	72445405-4fd7-4304-9458-62e910c6c2e0	GET	/comment/getComment	undefined
05.03.2025	 22.25.10	5c415d50-a145-4176-af01-66a30b1e4c41	GET	/comment/vendor/fontawesome-free/css/all.min.css	undefined
05.03.2025	 22.25.10	69f08c11-7ca0-4e21-993d-0b07c3a8e026	GET	/comment/img/undraw_profile_3.svg	undefined
05.03.2025	 22.25.10	0a7ee7fb-bcee-4259-b95d-b300320336cd	GET	/comment/img/undraw_profile_1.svg	undefined
05.03.2025	 22.25.10	741d7f72-7a48-4d75-9d9f-ac10f900ba92	GET	/comment/img/undraw_profile_2.svg	undefined
06.03.2025	 01.33.10	bd80a609-2f85-4117-837f-9faa28db20dd	GET	/home	undefined
06.03.2025	 01.33.18	b3006331-5814-4158-977d-6534870f4b03	GET	/meal/getMeal	undefined
06.03.2025	 01.33.18	b06111e9-7a75-4b2f-8984-6c1c0a53454e	GET	/login	undefined
06.03.2025	 01.33.28	aa200914-8d06-46c3-865f-f66eac03767c	POST	/api/auth/login	http://localhost:5000
06.03.2025	 01.33.29	37b91b39-410e-470f-bbcd-efa7701ca5c5	GET	/home	undefined
06.03.2025	 01.33.40	44c30c08-da27-46f7-961a-86cb11ca862f	GET	/comment/getComment	undefined
06.03.2025	 01.33.41	3e7f9920-b33d-4b9b-b6cd-432564103bbf	GET	/comment/vendor/fontawesome-free/css/all.min.css	undefined
06.03.2025	 01.33.41	9fffc151-a5a5-418a-a6fb-825d229f40f8	GET	/comment/img/undraw_profile_3.svg	undefined
06.03.2025	 01.33.41	b684a142-7ae1-46a6-9e09-2a3ee2188342	GET	/comment/img/undraw_profile_1.svg	undefined
06.03.2025	 01.33.41	73ff6d3f-be85-49f5-a038-e87106a3a615	GET	/comment/img/undraw_profile_2.svg	undefined
06.03.2025	 01.33.44	d2561c81-5697-495c-9c8e-e3dcecef7f97	GET	/comment/deleteComment	undefined
06.03.2025	 01.33.44	a6fac300-8d71-45f9-ae3c-6c746a9acf74	GET	/comment/vendor/fontawesome-free/css/all.min.css	undefined
06.03.2025	 01.33.44	d538cb75-bd79-400f-945f-11ecbf81c0ab	GET	/comment/img/undraw_profile_3.svg	undefined
06.03.2025	 01.33.44	fbcfa9aa-0d3f-4956-818b-a45d1917293b	GET	/comment/img/undraw_profile_1.svg	undefined
06.03.2025	 01.33.44	866d2c65-33f8-4e43-aa57-45fcd3615ed8	GET	/comment/img/undraw_profile_2.svg	undefined
06.03.2025	 01.33.45	a15611d8-d880-47f6-87a0-bed2cac2afb5	GET	/comment/deleteComment	undefined
06.03.2025	 01.33.45	4fc19f83-62d5-46e1-a770-cf1d29f521d8	GET	/comment/vendor/fontawesome-free/css/all.min.css	undefined
06.03.2025	 01.33.45	1682a273-ab23-4cbe-ab5b-2342d36f01f8	GET	/comment/img/undraw_profile_1.svg	undefined
06.03.2025	 01.33.45	7bc27d17-2d33-408e-ba16-f4ee06ed62f3	GET	/comment/img/undraw_profile_2.svg	undefined
06.03.2025	 01.33.45	5c604ab9-35cc-4ecf-bcf2-1a3acbbe95f2	GET	/comment/img/undraw_profile_3.svg	undefined
06.03.2025	 01.33.47	9f165744-3e75-48e1-8e4b-315858c4430b	GET	/comment/updateComment	undefined
06.03.2025	 01.33.47	36e2f69c-324a-4631-8ca5-f60322726a3d	GET	/comment/img/undraw_profile_1.svg	undefined
06.03.2025	 01.33.47	a04ca200-8b75-4eb3-bb30-6bf3dcae93e1	GET	/comment/vendor/fontawesome-free/css/all.min.css	undefined
06.03.2025	 01.33.47	79a3fa33-8a00-4cd9-be16-ccebb4514e83	GET	/comment/img/undraw_profile_2.svg	undefined
06.03.2025	 01.33.47	d1ef0450-2aab-4bf6-98d2-dd8396afdfe0	GET	/comment/img/undraw_profile_3.svg	undefined
06.03.2025	 01.33.52	c4ddb6e9-0501-415d-af65-d5f259ca7e12	GET	/user/getUser	undefined
06.03.2025	 01.33.52	c0e720b0-e2e1-4a5f-832f-dcedbfc1775c	GET	/user/vendor/fontawesome-free/css/all.min.css	undefined
06.03.2025	 01.33.52	a17ea162-5ca3-4b77-adf7-7d60b67191a4	GET	/user/img/undraw_profile_2.svg	undefined
06.03.2025	 01.33.52	4c76d0cd-6d0c-4c0f-994b-21a55fe9290d	GET	/user/img/undraw_profile_1.svg	undefined
06.03.2025	 01.33.52	d8c49225-0af7-4b0a-9c81-2fbab83c2af7	GET	/user/img/undraw_profile_3.svg	undefined
06.03.2025	 01.39.49	91e1567b-0a2c-4304-8048-bae872c5ecb1	GET	/user/getUser	undefined
06.03.2025	 01.39.49	c4ec43db-e060-4e4c-ba55-ac1c21d46a30	GET	/login	undefined
06.03.2025	 01.39.54	9998d9ca-5f3e-422b-a6da-c72715dbd09c	POST	/api/auth/login	http://localhost:5000
06.03.2025	 01.39.54	3db917a3-4b49-462e-bae9-346388632dfb	GET	/home	undefined
06.03.2025	 01.39.57	4027d89f-4e8b-45a9-81f5-a3f9432dd56b	GET	/user/getUser	undefined
06.03.2025	 01.40.26	3adaa9ea-d8ca-4489-92a7-b7eaaa4b069a	GET	/home	undefined
06.03.2025	 01.40.27	1f036711-768e-4bf2-96e0-090e550f4adf	GET	/user/getUser	undefined
06.03.2025	 01.40.54	4f915f29-4732-4abd-bc4e-37e3769d9cae	GET	/user/getUser	undefined
06.03.2025	 01.40.54	eca7df09-a519-4bdc-84b0-ff61217d29f9	GET	/login	undefined
06.03.2025	 01.40.57	bde96f1e-f4a2-4fe5-8e3a-2db3a56dda6d	POST	/api/auth/login	http://localhost:5000
06.03.2025	 01.40.57	eb00bec4-8d05-46db-9697-89893045ef4c	GET	/home	undefined
06.03.2025	 01.41.00	c461ffda-6fea-447f-815a-08e13e35fbd0	GET	/user/getUser	undefined
06.03.2025	 01.42.04	3abc7a12-33d5-4071-833e-3ffe072789ab	GET	/user/getUser	undefined
06.03.2025	 01.42.04	c3d42292-425e-4a01-a9f9-9fcc30ff1d3c	GET	/login	undefined
06.03.2025	 01.42.08	71abe2bc-1c0d-42bc-9c7c-af690da8ad22	POST	/api/auth/login	http://localhost:5000
06.03.2025	 01.42.08	b5944122-9643-47c5-98ca-375a38143bb9	GET	/home	undefined
06.03.2025	 01.42.10	0c011059-c62a-45a9-b207-f24a40afc2e2	GET	/user/getUser	undefined
06.03.2025	 01.42.10	d2223d62-ebbe-4e2a-8107-91d017206838	GET	/user/vendor/fontawesome-free/css/all.min.css	undefined
06.03.2025	 01.42.10	501521af-079c-4f88-bb1c-bfa9bc6a39af	GET	/user/img/undraw_profile_1.svg	undefined
06.03.2025	 01.42.10	f461205a-457d-45e1-aa53-45519f8b6e7e	GET	/user/img/undraw_profile_3.svg	undefined
06.03.2025	 01.42.10	947761ac-ad3e-4279-8f2a-a4d2da851b2f	GET	/user/img/undraw_profile_2.svg	undefined
06.03.2025	 01.43.55	da38db85-5f3d-464d-b09e-ade62de326b0	GET	/user/getUser	undefined
06.03.2025	 01.43.55	d20794a6-b288-4fa5-92ce-7e1d2e83b657	GET	/user/vendor/fontawesome-free/css/all.min.css	undefined
06.03.2025	 01.43.55	2f55218d-48ca-43c3-9d56-7199ec056dc3	GET	/user/img/undraw_profile_2.svg	undefined
06.03.2025	 01.43.55	5073148d-79a7-4228-8f52-9651b44b1de4	GET	/user/img/undraw_profile_1.svg	undefined
06.03.2025	 01.43.55	2f3265ee-9e29-4e4e-8054-916ed705e598	GET	/user/img/undraw_profile_3.svg	undefined
06.03.2025	 01.43.57	f2f4f254-051f-4793-b363-8732d4efc6e3	GET	/user/getUser	undefined
06.03.2025	 01.43.57	bd9e07e4-1640-4106-b904-c3d69de6b878	GET	/user/vendor/fontawesome-free/css/all.min.css	undefined
06.03.2025	 01.43.57	7785c7df-9bc3-4030-ab6e-9745edb8eb81	GET	/user/img/undraw_profile_1.svg	undefined
06.03.2025	 01.43.57	260b6e25-7fb7-4d16-95f4-955a8dc4e37a	GET	/user/img/undraw_profile_2.svg	undefined
06.03.2025	 01.43.57	8af8af84-3c5e-4550-b833-1642e9204656	GET	/user/img/undraw_profile_3.svg	undefined
06.03.2025	 01.44.03	e643dd55-c441-4683-9c1d-864c1a8583ea	GET	/tables	undefined
06.03.2025	 01.44.06	32674118-e20e-468d-bb4f-d8d3c512df1d	GET	/tables	undefined
06.03.2025	 01.44.08	ee8d2773-6a53-4d2f-90e2-eb74e49fff6f	GET	/user/getUser	undefined
06.03.2025	 01.44.08	0924a7dc-1187-4198-911c-7d68adf8c93f	GET	/user/vendor/fontawesome-free/css/all.min.css	undefined
06.03.2025	 01.44.08	9110c75a-be89-465e-9d0f-ef4fb3c653f0	GET	/user/img/undraw_profile_1.svg	undefined
06.03.2025	 01.44.08	7e8b9bb4-5cfc-4f30-81c1-c46dee9d3376	GET	/user/img/undraw_profile_3.svg	undefined
06.03.2025	 01.44.08	05362723-8178-4312-865f-2b0a3ff7940d	GET	/user/img/undraw_profile_2.svg	undefined
06.03.2025	 01.45.06	fced3fea-05c0-42a3-a9de-c2ef6a6232a9	GET	/user/getUser	undefined
06.03.2025	 01.45.06	1bc3bc67-8b0c-4638-a3c1-65002421e19f	GET	/user/vendor/fontawesome-free/css/all.min.css	undefined
06.03.2025	 01.45.06	ed4391a5-a5ad-4cff-b605-0f9c10c1aaaa	GET	/user/img/undraw_profile_2.svg	undefined
06.03.2025	 01.45.06	9682d30b-afd2-4ad0-938b-d76d4249c515	GET	/user/img/undraw_profile_3.svg	undefined
06.03.2025	 01.45.06	228f343d-5a78-4a7b-b5d3-2dad55fbdd5c	GET	/user/img/undraw_profile_1.svg	undefined
06.03.2025	 01.45.29	83234548-20d8-43ff-836e-3c86d45008da	GET	/meal/getMeal	undefined
06.03.2025	 01.45.29	ee72aa76-7d3f-45f3-b15a-ba0d8606de08	GET	/meal/vendor/fontawesome-free/css/all.min.css	undefined
06.03.2025	 01.45.29	5d09428e-5707-4b77-ae58-5c5b89c7b5c1	GET	/meal/img/undraw_profile_2.svg	undefined
06.03.2025	 01.45.29	9a5b5e5d-5d22-47d7-a6af-ffa335dbc75c	GET	/meal/img/undraw_profile_1.svg	undefined
06.03.2025	 01.45.29	493f092e-c71a-45a6-9649-89d29b15fdbf	GET	/meal/img/undraw_profile_3.svg	undefined
06.03.2025	 01.45.50	8561c502-0ce5-4625-ad7a-a2e6f25a29a4	GET	/meal/getMeal	undefined
06.03.2025	 01.45.50	49c342de-9551-42e6-a8a4-44866425ea36	GET	/meal/vendor/fontawesome-free/css/all.min.css	undefined
06.03.2025	 01.45.50	c5cd8640-3bc2-4ebe-af90-d80be55dcc9a	GET	/meal/img/undraw_profile_2.svg	undefined
06.03.2025	 01.45.50	ec5b34f8-c65d-4da1-b882-31e5ac73de1d	GET	/meal/img/undraw_profile_3.svg	undefined
06.03.2025	 01.45.50	14b5b507-b9dd-4beb-847a-beb828a0a1b4	GET	/meal/img/undraw_profile_1.svg	undefined
06.03.2025	 01.46.05	708dd76f-4eff-44ae-b51c-8964a4798554	GET	/user/getUser	undefined
06.03.2025	 01.46.05	2e1914e7-f392-4654-8963-9107e5190687	GET	/user/img/undraw_profile_2.svg	undefined
06.03.2025	 01.46.05	10dbdf3a-9b30-4e2f-9f8e-6919fe61ca7e	GET	/user/vendor/fontawesome-free/css/all.min.css	undefined
06.03.2025	 01.46.05	5580097c-ddfa-498f-be23-f5e56175ad85	GET	/user/img/undraw_profile_1.svg	undefined
06.03.2025	 01.46.05	f6460a5b-a24b-4277-8dc1-705ed138dda0	GET	/user/img/undraw_profile_3.svg	undefined
06.03.2025	 01.46.14	5a26b17b-0c40-4910-9c79-e4e16c7eb6d6	GET	/meal/getMeal	undefined
06.03.2025	 01.46.14	59196468-1710-4d72-ba6d-ab6dd1775d01	GET	/meal/vendor/fontawesome-free/css/all.min.css	undefined
06.03.2025	 01.46.14	09d38a4a-d346-4292-a811-6937c4190e28	GET	/meal/img/undraw_profile_1.svg	undefined
06.03.2025	 01.46.14	b8d2ecfd-c29a-482a-ad23-d644ec3554f2	GET	/meal/img/undraw_profile_2.svg	undefined
06.03.2025	 01.46.14	f9a53ff3-292f-4294-a130-97a23ba5cc7c	GET	/meal/img/undraw_profile_3.svg	undefined
06.03.2025	 01.50.27	12470603-4eee-4549-a609-97c7cf58ee0b	GET	/meal/getMeal	undefined
06.03.2025	 01.50.27	a3873820-db39-41d3-9bc2-7a776e8198e1	GET	/login	undefined
06.03.2025	 01.50.31	f79f594d-2f9e-4f77-9b28-a7016fed5d7b	POST	/api/auth/login	http://localhost:5000
06.03.2025	 01.50.31	83cd544e-610e-428c-ba88-366e4865f6db	GET	/home	undefined
06.03.2025	 01.50.33	280e23be-e146-4361-b798-57e8949785dc	GET	/meal/getMeal	undefined
06.03.2025	 01.51.11	c59c38c6-07f9-410f-9ee7-b124c5029f9c	GET	/meal/getMeal	undefined
06.03.2025	 01.51.11	f851589c-92d5-4340-bca6-d7e215e8ba7f	GET	/login	undefined
06.03.2025	 01.51.16	1499b93f-8fcb-4208-b0c6-cb8efdb737ca	POST	/api/auth/login	http://localhost:5000
06.03.2025	 01.51.16	2bfef4ed-b099-405a-893a-456b482b6880	GET	/home	undefined
06.03.2025	 01.51.18	058c3337-88d3-4b2e-a19c-1cb0d3894bf6	GET	/meal/getMeal	undefined
06.03.2025	 01.51.18	e4a096a8-a193-4573-9ad0-b041e3d4f0d1	GET	/meal/vendor/fontawesome-free/css/all.min.css	undefined
06.03.2025	 01.51.18	b6b97e84-d0ab-4e78-8ea8-c68ff7985755	GET	/meal/img/undraw_profile_1.svg	undefined
06.03.2025	 01.51.18	9ba553a2-9485-498b-85ce-0c5979be87ef	GET	/meal/img/undraw_profile_3.svg	undefined
06.03.2025	 01.51.18	58aa2be7-3639-4f65-b6e7-a923dea9ee23	GET	/meal/img/undraw_profile_2.svg	undefined
06.03.2025	 01.57.07	4fce9e1a-7846-4878-8106-3460c5030ab5	GET	/comment/getComment	undefined
06.03.2025	 01.57.07	b0691871-882a-4c39-bbc9-023c2ab6613c	GET	/comment/vendor/fontawesome-free/css/all.min.css	undefined
06.03.2025	 01.57.07	dc35a2f0-34cf-4f17-91f8-f05a72afac4d	GET	/comment/img/undraw_profile_1.svg	undefined
06.03.2025	 01.57.07	3392fcc9-0619-4f3b-8ba6-25ee7bb41046	GET	/comment/img/undraw_profile_2.svg	undefined
06.03.2025	 01.57.07	a0d3f3a8-e305-4f78-866c-618dfa0b6c98	GET	/comment/img/undraw_profile_3.svg	undefined
06.03.2025	 02.06.31	b99ac44a-b089-452e-8a7a-b998cc7f57b7	GET	/comment/getComment	undefined
06.03.2025	 02.06.31	4d8beec7-791e-4745-a2b1-e82f0601deb8	GET	/login	undefined
06.03.2025	 02.06.41	e05f7c37-8d03-498a-abf2-6bba6286e08f	POST	/api/auth/login	http://localhost:5000
06.03.2025	 02.06.41	b2a4364c-e016-4d40-9afb-6ca54e9fb1ad	GET	/home	undefined
06.03.2025	 02.06.43	510f3ba2-c163-47e8-a35a-46400d374a13	GET	/comment/getComment	undefined
06.03.2025	 02.06.44	b4598a0f-637f-47db-ba2b-31569fc1b523	GET	/comment/vendor/fontawesome-free/css/all.min.css	undefined
06.03.2025	 02.06.44	7b12253e-ec9a-4dc7-9696-ebcf7bbbdbd9	GET	/comment/img/undraw_profile_1.svg	undefined
06.03.2025	 02.06.44	7898d89a-90ec-4b29-966e-cf1ba1a5c83c	GET	/comment/img/undraw_profile_2.svg	undefined
06.03.2025	 02.06.44	6eaab118-2a64-4ae9-bcab-73cfa03e5818	GET	/comment/img/undraw_profile_3.svg	undefined
06.03.2025	 02.07.58	0cf06c6a-ac12-46b3-ae6f-440196a99970	GET	/comment/getComment	undefined
06.03.2025	 02.07.58	9f4f8082-40e0-478a-bf82-803cc9aa27e1	GET	/comment/vendor/fontawesome-free/css/all.min.css	undefined
06.03.2025	 02.07.58	654984e9-a08b-4e37-a094-7312daf6984c	GET	/comment/img/undraw_profile_1.svg	undefined
06.03.2025	 02.07.58	b922cfb3-14d0-447a-9ddd-8208bcb49394	GET	/comment/img/undraw_profile_2.svg	undefined
06.03.2025	 02.07.58	25c4dfc5-046b-413f-8932-bf053a7e303e	GET	/comment/img/undraw_profile_3.svg	undefined
06.03.2025	 02.08.07	0991e72c-8869-46f1-b021-fa68118cefe7	GET	/comment/getComment	undefined
06.03.2025	 02.08.07	b6d884de-5c21-4f63-961b-93afd7760db8	GET	/comment/vendor/fontawesome-free/css/all.min.css	undefined
06.03.2025	 02.08.07	20b7c85a-37a6-42e4-82e8-08c04601b1fe	GET	/comment/img/undraw_profile_1.svg	undefined
06.03.2025	 02.08.07	6193ef80-aa66-4d98-8534-4c90dd3a0e93	GET	/comment/img/undraw_profile_2.svg	undefined
06.03.2025	 02.08.07	1c8efd66-3572-41fc-952c-a96b8c9429f3	GET	/comment/img/undraw_profile_3.svg	undefined
06.03.2025	 02.09.05	d3a97496-8098-42a5-b23d-5d580cd9094c	GET	/comment/getComment	undefined
06.03.2025	 02.09.05	5cabcdf6-9484-4b51-9095-373a5ed696fe	GET	/comment/vendor/fontawesome-free/css/all.min.css	undefined
06.03.2025	 02.09.05	7c651c3c-101a-4743-819b-a0fba42a6005	GET	/comment/img/undraw_profile_1.svg	undefined
06.03.2025	 02.09.05	f5a359c8-a54c-4f1b-b903-3a1699dc5997	GET	/comment/img/undraw_profile_2.svg	undefined
06.03.2025	 02.09.05	cb427147-cdb8-42ad-a1fa-832a3b4bad04	GET	/comment/img/undraw_profile_3.svg	undefined
06.03.2025	 02.14.38	a1d2b2fd-1627-4a54-b6ff-5aa78bf225fa	POST	/api/auth/logout	http://localhost:5000
06.03.2025	 02.26.59	721aeba1-51fb-49e4-9958-95d77f9c409d	POST	/api/auth/login	http://localhost:5000
06.03.2025	 02.26.59	a6aca38c-882b-4cf8-980c-496ad28c44a5	GET	/home	undefined
06.03.2025	 02.27.01	af148d76-b9d5-42ad-b192-a3013b88f873	GET	/comment/getComment	undefined
06.03.2025	 02.27.02	bc4862c1-eae2-449f-acda-36ee83157355	GET	/comment/vendor/fontawesome-free/css/all.min.css	undefined
06.03.2025	 02.27.02	9d14b194-15ce-4558-87e1-ac0cde3f9cdb	GET	/comment/img/undraw_profile_1.svg	undefined
06.03.2025	 02.27.02	eefc5b16-5694-4c83-a191-601db3661dff	GET	/comment/img/undraw_profile_2.svg	undefined
06.03.2025	 02.27.02	441d387a-524f-47d4-af74-3b5d4768944c	GET	/comment/img/undraw_profile_3.svg	undefined
06.03.2025	 02.27.59	1fda0631-35cf-457e-8e0f-504e3b400329	GET	/meal/getMeal	undefined
06.03.2025	 02.27.59	32e1be72-fbee-4a87-bc7c-c4a86b58eb21	GET	/meal/vendor/fontawesome-free/css/all.min.css	undefined
06.03.2025	 02.27.59	d06ac7a5-1d8a-42a9-9e42-acec7931c157	GET	/meal/img/undraw_profile_2.svg	undefined
06.03.2025	 02.27.59	5af78c4f-eecf-4e79-9694-b352430c91eb	GET	/meal/img/undraw_profile_1.svg	undefined
06.03.2025	 02.27.59	4805cb5e-8906-444e-b9e8-89435990b63b	GET	/meal/img/undraw_profile_3.svg	undefined
06.03.2025	 02.28.28	07041514-1a85-483b-ae58-5c3a8087be34	GET	/meal/getMeal	undefined
06.03.2025	 02.28.28	8c2f7e48-c728-406c-b7d9-fd576395c5f4	GET	/meal/vendor/fontawesome-free/css/all.min.css	undefined
06.03.2025	 02.28.28	201a2ccc-5d95-4e88-bae0-1f818fda4420	GET	/meal/img/undraw_profile_1.svg	undefined
06.03.2025	 02.28.28	bd6a625a-1acb-4700-ba21-c68d7763b5f8	GET	/meal/img/undraw_profile_2.svg	undefined
06.03.2025	 02.28.28	5fac8a27-9651-4887-87b0-82d6d18506cc	GET	/meal/img/undraw_profile_3.svg	undefined
06.03.2025	 02.29.04	7c88be0d-30d5-4429-b8c8-906155556fd6	GET	/meal/getMeal	undefined
06.03.2025	 02.29.04	9559ebf0-87c7-4f3c-bf94-8722ad001016	GET	/meal/vendor/fontawesome-free/css/all.min.css	undefined
06.03.2025	 02.29.04	e890d755-1d51-412f-b3ac-2c56072929b3	GET	/meal/img/undraw_profile_1.svg	undefined
06.03.2025	 02.29.04	91c2377b-0a1e-411b-b27d-d4a4c0bbbf16	GET	/meal/img/undraw_profile_2.svg	undefined
06.03.2025	 02.29.04	2206bd10-0e68-4e46-aa2a-d3ea4fa11c26	GET	/meal/img/undraw_profile_3.svg	undefined
06.03.2025	 02.29.07	a81686c4-5314-4bb0-b74d-07919b85fc05	GET	/user/updateUser	undefined
06.03.2025	 02.29.07	988ef89c-795b-4de9-9d63-bbcf9f2e0889	GET	/user/vendor/fontawesome-free/css/all.min.css	undefined
06.03.2025	 02.29.07	154130ff-0a0b-424b-a0b3-c4f5ad2eda9f	GET	/user/img/undraw_profile_1.svg	undefined
06.03.2025	 02.29.07	c12f3174-e436-46aa-8a7d-861d3502ba16	GET	/user/img/undraw_profile_2.svg	undefined
06.03.2025	 02.29.07	1afde5e7-b173-4b17-9108-3f0b7ec7d298	GET	/user/img/undraw_profile_3.svg	undefined
06.03.2025	 02.29.08	48a10747-1103-4501-b037-9fbc5d7c7887	GET	/user/getUser	undefined
06.03.2025	 02.29.09	6257100f-8c0d-4b52-a39f-014a95f5cdc1	GET	/user/vendor/fontawesome-free/css/all.min.css	undefined
06.03.2025	 02.29.09	1de662b0-4989-4226-a24a-7d87cdff931c	GET	/user/img/undraw_profile_1.svg	undefined
06.03.2025	 02.29.09	df71d17a-61c0-44cf-bbad-c24edb728973	GET	/user/img/undraw_profile_2.svg	undefined
06.03.2025	 02.29.09	76c6a057-63c2-4885-8666-4450a4e40de9	GET	/user/img/undraw_profile_3.svg	undefined
06.03.2025	 02.35.36	ccb875e6-1e56-414e-bffd-7f0a1cd6537e	GET	/user/getUser	undefined
06.03.2025	 02.35.36	536bbfe6-201c-4156-b1ef-2506ff64aeba	GET	/login	undefined
06.03.2025	 02.35.40	7646daab-c0c2-4797-9f7a-a19e62995929	POST	/api/auth/login	http://localhost:5000
06.03.2025	 02.35.40	a3b8d82c-6f17-4b58-9244-3637787d8050	GET	/home	undefined
06.03.2025	 02.35.42	4d2d96e0-9215-4701-a830-ed9d221b836f	GET	/user/createUser	undefined
06.03.2025	 02.35.42	413d509f-61e9-46e3-8433-e79f706fcec0	GET	/user/vendor/fontawesome-free/css/all.min.css	undefined
06.03.2025	 02.35.42	256b4ecf-bed2-4ec1-b8c6-efe413aae3cb	GET	/user/img/undraw_profile_1.svg	undefined
06.03.2025	 02.35.42	b0a5ee21-7253-4c03-8be0-9e50c565e30e	GET	/user/img/undraw_profile_2.svg	undefined
06.03.2025	 02.35.42	f37a7caf-c375-4035-a1c7-f6585a053d2a	GET	/user/img/undraw_profile_3.svg	undefined
06.03.2025	 02.36.16	e7066281-0920-4076-b326-08e5c04d7637	GET	/user/createUser	undefined
06.03.2025	 02.36.26	28a8b6cd-7df9-411d-be3d-116840a90303	GET	/user/createUser	undefined
06.03.2025	 02.36.27	e21d1db2-c7ca-4759-bb9c-e8f498bf9583	GET	/user/vendor/fontawesome-free/css/all.min.css	undefined
06.03.2025	 02.36.27	8429cb4b-ccfb-470a-bcbf-9c334248b5af	GET	/user/img/undraw_profile_1.svg	undefined
06.03.2025	 02.36.27	a598ac6a-4b66-43ca-98dd-59d7ff358eb5	GET	/user/img/undraw_profile_2.svg	undefined
06.03.2025	 02.36.27	0e399948-5fb2-442e-add0-4f28ad422c5b	GET	/user/img/undraw_profile_3.svg	undefined
06.03.2025	 02.36.53	2ac3fec7-1000-42ad-bab9-904fe75a5a1d	GET	/user/createUser	undefined
06.03.2025	 02.36.53	5c1ed87e-c873-4aef-b36b-d9e68d6b6f27	GET	/user/vendor/fontawesome-free/css/all.min.css	undefined
06.03.2025	 02.36.53	cb072d2a-7caf-4362-98d4-925f5580087c	GET	/user/img/undraw_profile_1.svg	undefined
06.03.2025	 02.36.53	bd308be2-831b-4a10-9a9d-e6a1a48f370d	GET	/user/img/undraw_profile_2.svg	undefined
06.03.2025	 02.36.53	38a50dc5-cb76-4994-9506-247a1dc4c23f	GET	/user/img/undraw_profile_3.svg	undefined
06.03.2025	 02.37.06	a53459b7-96b0-41f4-a65a-33ba7e185d8d	GET	/user/createUser	undefined
06.03.2025	 02.37.06	264da746-d43a-4b3b-a187-8a8f9e3d9654	GET	/user/img/undraw_profile_1.svg	undefined
06.03.2025	 02.37.06	c37d6444-3286-4e45-a583-622ec75eba1f	GET	/user/img/undraw_profile_2.svg	undefined
06.03.2025	 02.37.06	26554b7c-e906-4e6f-bf32-7d750a078eb0	GET	/user/img/undraw_profile_3.svg	undefined
06.03.2025	 02.37.06	4a355a6e-71a5-4bb7-8424-8d7820b7e2eb	GET	/user/vendor/fontawesome-free/css/all.min.css	undefined
06.03.2025	 02.37.16	457d3bb3-1667-420f-960b-cb9885a1d9cc	GET	/user/createUser	undefined
06.03.2025	 02.37.16	daac980c-990d-436d-8106-cd9906c16250	GET	/user/vendor/fontawesome-free/css/all.min.css	undefined
06.03.2025	 02.37.17	7b3877e7-2447-45c6-9a32-1da151b5194b	GET	/user/img/undraw_profile_3.svg	undefined
06.03.2025	 02.37.17	afb14e42-b6ea-4a6e-be83-c8e4bf2c4511	GET	/user/img/undraw_profile_1.svg	undefined
06.03.2025	 02.37.17	1718cf09-97ab-4e4b-8adc-89297ba8c6de	GET	/user/img/undraw_profile_2.svg	undefined
06.03.2025	 02.37.45	f7e5aea4-f443-4efb-ba42-706dd2d432ba	GET	/user/createUser	undefined
06.03.2025	 02.37.45	260ada0e-a642-4e0d-a52b-02785a071ce4	GET	/user/vendor/fontawesome-free/css/all.min.css	undefined
06.03.2025	 02.37.45	672550a6-6a53-4232-afba-6a8f8023f540	GET	/user/img/undraw_profile_3.svg	undefined
06.03.2025	 02.37.45	efae9600-a29f-44ee-b9ce-fffdd7c95cea	GET	/user/img/undraw_profile_2.svg	undefined
06.03.2025	 02.37.45	814679fb-1cf2-46c9-956d-6b5afff844da	GET	/user/img/undraw_profile_1.svg	undefined
06.03.2025	 02.37.51	cc59507d-ea56-41ec-8117-42805dcadc63	GET	/user/createUser	undefined
06.03.2025	 02.37.51	40bb13d5-16ea-4ce2-b9ab-6dabe800dd27	GET	/user/vendor/fontawesome-free/css/all.min.css	undefined
06.03.2025	 02.37.51	535a9b3e-1d68-4a54-bd05-082b5e763c34	GET	/user/img/undraw_profile_1.svg	undefined
06.03.2025	 02.37.51	a2264d1d-8631-49e6-87fb-7f854ad13591	GET	/user/img/undraw_profile_2.svg	undefined
06.03.2025	 02.37.51	5e872f8d-7f91-41ae-ad6f-fc798d55168a	GET	/user/img/undraw_profile_3.svg	undefined
06.03.2025	 02.38.28	7d8ff987-d79f-4183-a6a0-ffc685658bef	GET	/user/createUser	undefined
06.03.2025	 02.38.28	c016d5a2-4050-4ea1-8a30-2effe0a9fd3d	GET	/user/vendor/fontawesome-free/css/all.min.css	undefined
06.03.2025	 02.38.28	ca800ed1-564b-4842-9dcc-9110cebfca26	GET	/user/img/undraw_profile_1.svg	undefined
06.03.2025	 02.38.28	33d25492-eb47-4075-90fd-8c43f37334a3	GET	/user/img/undraw_profile_2.svg	undefined
06.03.2025	 02.38.28	5980b971-6ec0-4eb6-8756-43f6f598f341	GET	/user/img/undraw_profile_3.svg	undefined
06.03.2025	 02.39.07	fdff8ab9-9ce9-4636-b237-b1cfaffd994d	GET	/user/updateUser	undefined
06.03.2025	 02.39.07	d620de2c-a9f5-4d51-8945-38c9dc01388f	GET	/user/vendor/fontawesome-free/css/all.min.css	undefined
06.03.2025	 02.39.07	daca35ed-7a13-4da6-a7de-f288f589b0e8	GET	/user/img/undraw_profile_2.svg	undefined
06.03.2025	 02.39.07	2fa0d65c-4ce5-4dff-971f-420fd835542f	GET	/user/img/undraw_profile_3.svg	undefined
06.03.2025	 02.39.07	f55bb948-2e6d-493b-a71c-e34ecefe2894	GET	/user/img/undraw_profile_1.svg	undefined
06.03.2025	 02.39.09	f1863d37-b88e-4e09-9180-176b06832caa	GET	/user/deleteUser	undefined
06.03.2025	 02.39.09	1eb412bb-fe26-46e1-81e9-4381b9833c4c	GET	/user/vendor/fontawesome-free/css/all.min.css	undefined
06.03.2025	 02.39.09	e988b4fe-55cb-43e5-9ada-ce02c659af8e	GET	/user/img/undraw_profile_1.svg	undefined
06.03.2025	 02.39.09	49a47f9a-c33c-4cb2-8147-d936522d3ce1	GET	/user/img/undraw_profile_2.svg	undefined
06.03.2025	 02.39.09	d69aa4fe-dc19-430a-9bc6-8edb142ce310	GET	/user/img/undraw_profile_3.svg	undefined
06.03.2025	 02.39.10	b679cf1c-5872-4512-bf08-2008c809a67c	GET	/user/createUser	undefined
06.03.2025	 02.39.10	c77c72a3-3a16-4d40-9d67-a549155ffb33	GET	/user/vendor/fontawesome-free/css/all.min.css	undefined
06.03.2025	 02.39.10	14a579f6-334a-47bb-9fde-a545cf099fbd	GET	/user/img/undraw_profile_2.svg	undefined
06.03.2025	 02.39.10	0feca651-1a74-47e6-8ba9-335653efb49c	GET	/user/img/undraw_profile_1.svg	undefined
06.03.2025	 02.39.10	ce2c4e90-4201-417b-a490-343b4e472896	GET	/user/img/undraw_profile_3.svg	undefined
06.03.2025	 02.40.57	231c39cc-9165-47d7-b8b9-a3f4c9a92517	GET	/user/updateUser	undefined
06.03.2025	 02.41.04	4c9ad316-7084-471b-92a2-05636d081d18	GET	/user/updateUser	undefined
06.03.2025	 02.41.04	590eb733-73ff-4d0c-913f-afbcd86de0d9	GET	/user/vendor/fontawesome-free/css/all.min.css	undefined
06.03.2025	 02.41.04	0ee2b20e-dc4d-4aae-bb44-9049c3050802	GET	/user/img/undraw_profile_2.svg	undefined
06.03.2025	 02.41.04	9f9fb85f-162d-47e4-ac76-8712ae3f8b56	GET	/user/img/undraw_profile_1.svg	undefined
06.03.2025	 02.41.04	b9355780-aa53-4385-a2d6-7018a7d22d3d	GET	/user/img/undraw_profile_3.svg	undefined
06.03.2025	 02.41.05	8d693ab8-44f2-47cf-8406-5f66f49fff0b	POST	/update/	http://localhost:5000
06.03.2025	 02.41.49	6ee52226-c7f8-4447-9cbc-d1b38a4a1c8b	GET	/user/updateUser	undefined
06.03.2025	 02.41.49	7341b0fb-9892-4cae-bdc8-ccd4ae931041	GET	/user/vendor/fontawesome-free/css/all.min.css	undefined
06.03.2025	 02.41.49	e161c299-7d0e-4550-8821-3603be38c1e1	GET	/user/img/undraw_profile_1.svg	undefined
06.03.2025	 02.41.49	e78eb378-33d7-4843-9a8c-955454a268d5	GET	/user/img/undraw_profile_2.svg	undefined
06.03.2025	 02.41.49	c8776020-1abf-451f-aa5a-34efb60d9d1b	GET	/user/img/undraw_profile_3.svg	undefined
06.03.2025	 02.42.48	288e8ec3-bc87-4c4e-8087-181c6eb5a6db	GET	/user/deleteUser	undefined
06.03.2025	 02.42.48	c436b363-5d40-4970-a1f7-c62a2469b0e0	GET	/user/vendor/fontawesome-free/css/all.min.css	undefined
06.03.2025	 02.42.48	650ec40e-b391-4f9d-90a2-78923d14a93f	GET	/user/img/undraw_profile_3.svg	undefined
06.03.2025	 02.42.48	41806eab-9fed-49b3-8126-99b79e99e02b	GET	/user/img/undraw_profile_1.svg	undefined
06.03.2025	 02.42.48	c2d70cf9-7fa9-4026-8f2e-c22419059fd4	GET	/user/img/undraw_profile_2.svg	undefined
06.03.2025	 02.42.53	71145c26-149c-4873-86c7-1d137ca2f318	GET	/user/deleteUser	undefined
06.03.2025	 02.42.53	fb67feeb-f72f-42c0-bb2f-cb2616b318a2	GET	/user/vendor/fontawesome-free/css/all.min.css	undefined
06.03.2025	 02.42.53	5340f49b-639e-42ff-bf0f-3de170bce536	GET	/user/img/undraw_profile_1.svg	undefined
06.03.2025	 02.42.53	b2dec9fb-c4a2-49e3-bfa6-5b17d5a67e2c	GET	/user/img/undraw_profile_2.svg	undefined
06.03.2025	 02.42.53	29b9cb10-b826-400c-ae8d-f78509148b5a	GET	/user/img/undraw_profile_3.svg	undefined
06.03.2025	 02.43.10	00c34977-e351-4b53-a19a-2924b0b55062	GET	/user/deleteUser	undefined
06.03.2025	 02.43.10	ce7cc32a-9895-4ea3-a027-f08495c2f3c8	GET	/user/vendor/fontawesome-free/css/all.min.css	undefined
06.03.2025	 02.43.10	30cb22c6-2a78-4c4b-bc43-d78d5ce800ee	GET	/user/img/undraw_profile_1.svg	undefined
06.03.2025	 02.43.10	232234ac-ba06-4a59-8923-805ea9e34da2	GET	/user/img/undraw_profile_2.svg	undefined
06.03.2025	 02.43.10	a91390d1-701d-4122-ac70-322815db1dde	GET	/user/img/undraw_profile_3.svg	undefined
06.03.2025	 02.43.13	0e194fec-2ea6-418e-bd9a-022140216f8e	GET	/	undefined
06.03.2025	 02.43.13	9eb7f795-3759-4aa2-88c9-811fbbd786c3	GET	/index	undefined
06.03.2025	 02.43.32	ab921cd2-5a42-49e0-8790-20f9831e885c	GET	/user/deleteUser	undefined
06.03.2025	 02.43.32	b608ac70-736b-4eb3-99e0-6cf98f0c18bd	GET	/user/vendor/fontawesome-free/css/all.min.css	undefined
06.03.2025	 02.43.32	4cb7e4df-d6de-476f-812c-48a12fdebe61	GET	/user/img/undraw_profile_2.svg	undefined
06.03.2025	 02.43.32	76899ccc-e6fb-441f-81f7-6b5eb61d9412	GET	/user/img/undraw_profile_1.svg	undefined
06.03.2025	 02.43.32	8f40874b-46bf-4da6-9283-9ec6351307f5	GET	/user/img/undraw_profile_3.svg	undefined
06.03.2025	 02.43.42	e18c6421-3c57-4d90-83d1-e1c7398b2730	GET	/user/deleteUser	undefined
06.03.2025	 02.43.42	fde5fa2c-c9f7-40de-b6a8-f56da057c5ea	GET	/user/vendor/fontawesome-free/css/all.min.css	undefined
06.03.2025	 02.43.42	e0e3d75b-2579-47fb-8787-188f761b6743	GET	/user/img/undraw_profile_1.svg	undefined
06.03.2025	 02.43.42	1751c7cf-4820-4ee2-982c-cd90fe0d8ff6	GET	/user/img/undraw_profile_2.svg	undefined
06.03.2025	 02.43.42	d7912791-86e8-49cf-a8fa-06890162a9b9	GET	/user/img/undraw_profile_3.svg	undefined
06.03.2025	 02.43.53	e9685bce-3693-457a-8466-2d7652d7e1bc	GET	/user/updateUser	undefined
06.03.2025	 02.43.53	8e2520ad-591b-43f4-920f-94750893b777	GET	/user/vendor/fontawesome-free/css/all.min.css	undefined
06.03.2025	 02.43.53	d0b470d4-9b8a-42ad-ac0f-7b562ce9fd3c	GET	/user/img/undraw_profile_1.svg	undefined
06.03.2025	 02.43.53	d5d8d53b-d1f5-4599-9496-f66c3e4a7deb	GET	/user/img/undraw_profile_3.svg	undefined
06.03.2025	 02.43.53	67bdf974-eaf2-49fa-9336-dc7f66e2fd65	GET	/user/img/undraw_profile_2.svg	undefined
06.03.2025	 02.43.54	9e6a25e4-29be-489c-9423-0a6340e11fa0	GET	/user/deleteUser	undefined
06.03.2025	 02.43.54	bb40326b-b629-443d-8b68-ec46c637e525	GET	/user/vendor/fontawesome-free/css/all.min.css	undefined
06.03.2025	 02.43.54	a304e361-0b1f-4db0-aa0f-ec2ed2279aa4	GET	/user/img/undraw_profile_2.svg	undefined
06.03.2025	 02.43.54	eecc7b1e-0c95-475b-9b8f-dc143a8c4b54	GET	/user/img/undraw_profile_1.svg	undefined
06.03.2025	 02.43.54	806275b0-78ad-4a47-a19c-70847868cbd8	GET	/user/img/undraw_profile_3.svg	undefined
06.03.2025	 02.43.56	35e031e2-4d44-4346-bf70-3b008c44d749	GET	/user/createUser	undefined
06.03.2025	 02.43.56	c2d961b1-ff74-4b3a-b598-b38af2483747	GET	/user/vendor/fontawesome-free/css/all.min.css	undefined
06.03.2025	 02.43.56	d9535418-7434-411d-9ebb-5479e3a4086f	GET	/user/img/undraw_profile_1.svg	undefined
06.03.2025	 02.43.56	1e5857d8-67e9-47b2-aa77-38ab088574a2	GET	/user/img/undraw_profile_2.svg	undefined
06.03.2025	 02.43.56	8ce7a86b-f890-4735-8128-4615dd5053f1	GET	/user/img/undraw_profile_3.svg	undefined
06.03.2025	 02.44.18	96b88744-55e3-4add-900a-5ae7e6bcbe6e	GET	/user/createUser	undefined
06.03.2025	 02.44.18	5458ddd2-012d-4ce8-b6d8-16ec9d25e76f	GET	/user/vendor/fontawesome-free/css/all.min.css	undefined
06.03.2025	 02.44.18	35c96820-2301-43f1-a45f-862028ebb9b3	GET	/user/img/undraw_profile_1.svg	undefined
06.03.2025	 02.44.18	3dcf156a-6726-47c2-93e8-5bf5135df371	GET	/user/img/undraw_profile_2.svg	undefined
06.03.2025	 02.44.18	cafaad0f-bfa7-41eb-a5b1-de9a2268f4cf	GET	/user/img/undraw_profile_3.svg	undefined
06.03.2025	 02.50.18	3451b9ae-be49-4a0a-9bd5-dfc4c847e473	GET	/comment/getComment	undefined
06.03.2025	 02.50.18	95e042fd-3718-40b0-b304-4c923ec1350d	GET	/login	undefined
06.03.2025	 02.50.23	b24d9bb1-d348-4e53-8e6f-cd1459ca49fa	POST	/api/auth/login	http://localhost:5000
06.03.2025	 02.50.23	e40ea9e1-2561-47c4-89b9-b27ab196195a	GET	/home	undefined
06.03.2025	 02.50.26	1bbc1ebb-ac8d-497a-a3c8-2e9c47520bd8	GET	/comment/deleteComment	undefined
06.03.2025	 02.50.28	c5e8e310-c8f7-4d65-8a7f-d09d3fe87867	GET	/comment/updateComment	undefined
06.03.2025	 02.50.30	a444135c-f217-46d3-935f-2f7fdfa96ba7	GET	/comment/createComment	undefined
06.03.2025	 02.51.42	5bd5baed-8b48-4d55-9f48-2b347bab7369	GET	/comment/updateComment	undefined
06.03.2025	 02.52.25	39302da8-028a-4313-ac33-2981cb5463da	GET	/comment/createComment	undefined
06.03.2025	 02.52.26	d7aaf555-f83f-4f32-bc1c-1e9a3fc80132	GET	/comment/vendor/fontawesome-free/css/all.min.css	undefined
06.03.2025	 02.52.26	09e9312b-7645-4a0d-8f49-1796bd102a95	GET	/comment/img/undraw_profile_1.svg	undefined
06.03.2025	 02.52.26	e871f540-e81f-4789-b8e7-fdbbc1813cda	GET	/comment/img/undraw_profile_2.svg	undefined
06.03.2025	 02.52.26	645f70d3-8879-45d7-9d93-73a1d7b06a86	GET	/comment/img/undraw_profile_3.svg	undefined
06.03.2025	 02.52.39	2acbd2ca-6d37-4780-a671-b155decb3f87	GET	/comment/deleteComment	undefined
06.03.2025	 02.52.42	6f92bdf4-6f97-48db-aae8-fa243933a2df	GET	/comment/updateComment	undefined
06.03.2025	 02.52.58	e4985421-0ea7-4a8b-9759-a78df1098ca1	GET	/comment/updateComment	undefined
06.03.2025	 02.53.16	7b72b3c2-3804-4180-ac76-51d6a05c1d5d	GET	/comment/createComment	undefined
06.03.2025	 02.53.16	20f3b6fa-3836-421b-b89d-9767cfc5653e	GET	/comment/vendor/fontawesome-free/css/all.min.css	undefined
06.03.2025	 02.53.16	ea928d61-26c2-4457-9df8-9fbb846f28e7	GET	/comment/img/undraw_profile_1.svg	undefined
06.03.2025	 02.53.16	39646d3d-3514-46ba-8ce9-be05cc291275	GET	/comment/img/undraw_profile_2.svg	undefined
06.03.2025	 02.53.16	0f003070-ff9a-435f-aac9-4c50616b0483	GET	/comment/img/undraw_profile_3.svg	undefined
06.03.2025	 02.53.21	4c341ce4-993f-496d-a0cc-1a8992e9e01a	GET	/comment/updateComment	undefined
06.03.2025	 02.53.21	a69547e4-683e-40aa-ab91-42129330627d	GET	/comment/vendor/fontawesome-free/css/all.min.css	undefined
06.03.2025	 02.53.21	67741f08-7d08-4621-bb00-b75363a6aa56	GET	/comment/img/undraw_profile_1.svg	undefined
06.03.2025	 02.53.21	33697431-3c4c-41b4-8a10-cf191a99d1a0	GET	/comment/img/undraw_profile_3.svg	undefined
06.03.2025	 02.53.21	60c9eb27-a451-4b4b-9a9a-1b0049094197	GET	/comment/img/undraw_profile_2.svg	undefined
06.03.2025	 02.53.28	e2750160-b87f-4b68-97a1-17d97364f600	GET	/comment/deleteComment	undefined
06.03.2025	 02.53.45	47cc1b60-0e3d-4699-880f-085e97644b92	GET	/comment/deleteComment	undefined
06.03.2025	 02.53.45	1eeff4b9-d4c3-49f1-9226-b3dc67d0878c	GET	/comment/vendor/fontawesome-free/css/all.min.css	undefined
06.03.2025	 02.53.45	784c7692-fe28-4a89-b995-22e8614e45f3	GET	/comment/img/undraw_profile_1.svg	undefined
06.03.2025	 02.53.45	2ac2ed39-62f6-431a-bb0c-4e7f0bd8a05f	GET	/comment/img/undraw_profile_2.svg	undefined
06.03.2025	 02.53.45	c3318edd-f123-4f07-bbd1-b064be3ffa23	GET	/comment/img/undraw_profile_3.svg	undefined
06.03.2025	 02.53.58	0384f086-5ce6-4a34-aba1-b34f5a28ceb4	GET	/comment/deleteComment	undefined
06.03.2025	 02.53.58	6c414cd9-696b-4769-99e5-a27db53bf623	GET	/comment/vendor/fontawesome-free/css/all.min.css	undefined
06.03.2025	 02.53.58	c64d17cb-cf90-42e9-975a-29008b1efa5b	GET	/comment/img/undraw_profile_2.svg	undefined
06.03.2025	 02.53.58	d724839d-ad21-431f-b1af-ec40fa3a028c	GET	/comment/img/undraw_profile_3.svg	undefined
06.03.2025	 02.53.58	f8bcf188-f1e1-4658-a709-55cbcc21f521	GET	/comment/img/undraw_profile_1.svg	undefined
06.03.2025	 02.54.08	1d22ce32-ebcd-4c72-8948-2d3b2e41714d	GET	/comment/deleteComment	undefined
06.03.2025	 02.54.08	4ae78549-8503-4cbe-adce-e32d02aa4559	GET	/comment/vendor/fontawesome-free/css/all.min.css	undefined
06.03.2025	 02.54.08	b7c26860-2ccc-41c6-89dd-fbb94b47b64e	GET	/comment/img/undraw_profile_1.svg	undefined
06.03.2025	 02.54.08	e8be991f-c9c3-4a01-a4d6-59ed0dd7a1e8	GET	/comment/img/undraw_profile_2.svg	undefined
06.03.2025	 02.54.08	1db43e24-3da7-426c-a93d-ecb0a16da880	GET	/comment/img/undraw_profile_3.svg	undefined
06.03.2025	 02.54.25	840a924a-a5c2-481b-989a-0a5a2c132ffc	POST	/comment/delete/	http://localhost:5000
06.03.2025	 02.54.27	2a9972f4-9254-4936-80ce-9056b962bfff	GET	/	undefined
06.03.2025	 02.54.27	a21eb53e-0e5b-4fcd-a585-54009a7870cd	GET	/index	undefined
06.03.2025	 02.56.53	76a7eaa2-b7c6-4f58-8ce2-da2d572c581c	GET	/meal/getMeal	undefined
06.03.2025	 02.56.54	0439fddf-76bb-494b-a064-cea014bbb446	GET	/meal/vendor/fontawesome-free/css/all.min.css	undefined
06.03.2025	 02.56.54	14f9b362-24cd-4ef6-b7ae-809fb1a85e58	GET	/meal/img/undraw_profile_1.svg	undefined
06.03.2025	 02.56.54	75bd78fa-11b1-400a-8217-1f91eca3dae1	GET	/meal/img/undraw_profile_2.svg	undefined
06.03.2025	 02.56.54	4e8c7718-04b3-4aed-b7ea-ab99140a1030	GET	/meal/img/undraw_profile_3.svg	undefined
06.03.2025	 02.56.56	7b052b0e-a2c6-4260-97d5-5314491898f5	GET	/meal/deleteMeal	undefined
06.03.2025	 02.56.56	def33def-246c-4415-9993-6006e87d049c	GET	/meal/vendor/fontawesome-free/css/all.min.css	undefined
06.03.2025	 02.56.56	e2829d26-99b8-4a79-8634-b0eb8137ab15	GET	/meal/img/undraw_profile_1.svg	undefined
06.03.2025	 02.56.56	bd0c870b-fc82-495c-968f-97debf59d48a	GET	/meal/img/undraw_profile_2.svg	undefined
06.03.2025	 02.56.56	45c6db84-588f-433f-a395-4cd00ac2246a	GET	/meal/img/undraw_profile_3.svg	undefined
06.03.2025	 02.56.58	8071fc11-a0ed-47b1-b259-b326a1c9f0e4	GET	/meal/updateMeal	undefined
06.03.2025	 02.57.13	4143d41e-8084-4da7-8bd8-0a998c0c96f4	GET	/meal/updateMeal	undefined
06.03.2025	 02.57.13	0005b91d-e495-4f55-9fee-047c5a8a357d	GET	/meal/vendor/fontawesome-free/css/all.min.css	undefined
06.03.2025	 02.57.13	d0a55030-3881-4bdd-9fa7-63067985ad20	GET	/meal/img/undraw_profile_1.svg	undefined
06.03.2025	 02.57.13	0190b8da-2d53-4547-b40f-eb7604d9b2a8	GET	/meal/img/undraw_profile_2.svg	undefined
06.03.2025	 02.57.13	3eabe9de-9e8e-4cfc-841e-7f87480d2097	GET	/meal/img/undraw_profile_3.svg	undefined
06.03.2025	 02.58.14	c72a0dbd-11cb-4a07-b5fe-5a88503db378	GET	/meal/updateMeal	undefined
06.03.2025	 02.58.14	b750e60f-0c77-4970-94b9-c37c747e9b6e	GET	/meal/vendor/fontawesome-free/css/all.min.css	undefined
06.03.2025	 02.58.14	ffe767ed-10e6-49a8-9863-5932af353ad4	GET	/meal/img/undraw_profile_1.svg	undefined
06.03.2025	 02.58.14	03b9f5a3-3ec0-4090-9ed4-4f7126633c71	GET	/meal/img/undraw_profile_2.svg	undefined
06.03.2025	 02.58.14	067850a2-c8fc-4e70-a943-e4d54d40ef32	GET	/meal/img/undraw_profile_3.svg	undefined
06.03.2025	 02.58.17	dc7fdadc-053e-4fef-95bd-782446827a4e	GET	/meal/updateMeal	undefined
06.03.2025	 02.58.17	41b7c50b-faf2-4b1a-bad0-78c2c381ee8e	GET	/meal/vendor/fontawesome-free/css/all.min.css	undefined
06.03.2025	 02.58.17	306d3eb0-5bc5-4082-b908-c87bb6de9ec3	GET	/meal/img/undraw_profile_1.svg	undefined
06.03.2025	 02.58.17	06874638-d4d0-4eb9-b2c5-2b02e94a9dae	GET	/meal/img/undraw_profile_2.svg	undefined
06.03.2025	 02.58.17	bdf30d69-4869-4c9f-b5ee-5c5f09652aeb	GET	/meal/img/undraw_profile_3.svg	undefined
06.03.2025	 02.58.20	8be9ea49-4224-4ec0-a034-5fcacd899054	GET	/meal/createMeal	undefined
06.03.2025	 02.58.20	900a7098-d966-4445-abe2-292d60c78135	GET	/meal/vendor/fontawesome-free/css/all.min.css	undefined
06.03.2025	 02.58.20	1720c790-ed2b-4a49-beb5-9552efffa7dd	GET	/meal/img/undraw_profile_1.svg	undefined
06.03.2025	 02.58.20	05599a10-217d-4bc8-8aab-c9d039936561	GET	/meal/img/undraw_profile_2.svg	undefined
06.03.2025	 02.58.20	bb3280f3-fff9-4034-a258-57a61c9ee07e	GET	/meal/img/undraw_profile_3.svg	undefined
06.03.2025	 02.58.24	6d8f3843-a71c-466d-9bd7-7a2d6c90f55c	GET	/meal/deleteMeal	undefined
06.03.2025	 02.58.24	fed66b36-9524-4f4e-bede-472b09f79021	GET	/meal/vendor/fontawesome-free/css/all.min.css	undefined
06.03.2025	 02.58.24	dd084a5d-68ab-4d2d-a68e-387394bf0ad9	GET	/meal/img/undraw_profile_1.svg	undefined
06.03.2025	 02.58.24	6a69a245-8175-4b9d-a4c9-a326c5e8cd76	GET	/meal/img/undraw_profile_2.svg	undefined
06.03.2025	 02.58.24	07356df7-ba29-450e-afbd-b5dcd2774a72	GET	/meal/img/undraw_profile_3.svg	undefined
06.03.2025	 02.58.26	4be1b6ca-8012-4ef2-951d-a46f6e8c1e7b	POST	/meal/delete/	http://localhost:5000
06.03.2025	 02.58.51	442d6244-4c2b-4af6-a03b-b26170fb5bc3	GET	/home	undefined
06.03.2025	 02.58.57	e649bf88-0357-4d28-904c-0e4f3c3164c4	GET	/home	undefined
06.03.2025	 02.59.00	c01e7ada-b8de-41da-876c-1150bba43619	GET	/meal/getMeal	undefined
06.03.2025	 02.59.00	d561aa20-fdfc-484a-a0ab-c6e78ed11b17	GET	/meal/vendor/fontawesome-free/css/all.min.css	undefined
06.03.2025	 02.59.00	b62eb336-0612-433f-a6bf-0e4d0a76034a	GET	/meal/img/undraw_profile_1.svg	undefined
06.03.2025	 02.59.00	d1578d03-385c-463b-95ab-d375febe8e75	GET	/meal/img/undraw_profile_3.svg	undefined
06.03.2025	 02.59.00	48479129-19c8-4286-8d0a-909d89989beb	GET	/meal/img/undraw_profile_2.svg	undefined
06.03.2025	 02.59.02	33fdf1fb-33b9-4c21-a41c-151eb22dea4e	GET	/meal/deleteMeal	undefined
06.03.2025	 02.59.02	960b19b8-2e2c-4b19-a321-6281d6333508	GET	/meal/vendor/fontawesome-free/css/all.min.css	undefined
06.03.2025	 02.59.02	c49a9993-7890-43c6-9b7b-cd025d4d863c	GET	/meal/img/undraw_profile_1.svg	undefined
06.03.2025	 02.59.02	a01e3a17-890d-4f26-8810-fd40ce3d87e6	GET	/meal/img/undraw_profile_3.svg	undefined
06.03.2025	 02.59.02	b2140dc6-269e-4e4f-b3f8-f2135103f501	GET	/meal/img/undraw_profile_2.svg	undefined
06.03.2025	 02.59.04	d03abc6f-4c9e-4b4f-aa74-4b52a9fef6f6	GET	/comment/createComment	undefined
06.03.2025	 02.59.04	c0eafe87-2174-4e7e-8a25-5d1da7e7f70c	GET	/comment/vendor/fontawesome-free/css/all.min.css	undefined
06.03.2025	 02.59.04	58700c63-af0d-4c62-8e72-8a36198a7c1d	GET	/comment/img/undraw_profile_3.svg	undefined
06.03.2025	 02.59.04	8f69d947-dd7a-4623-8f29-43d7475668af	GET	/comment/img/undraw_profile_1.svg	undefined
06.03.2025	 02.59.04	dd66a7ac-cfe1-4bdb-8332-def32e15fdcc	GET	/comment/img/undraw_profile_2.svg	undefined
06.03.2025	 02.59.09	afc79c18-56f7-4f46-8c7f-3cb6b6da5590	POST	/api/auth/logout	http://localhost:5000
06.03.2025	 02.59.16	89c2b678-c77a-4938-a4d3-1cbbdcfc1464	GET	/home	undefined
06.03.2025	 02.59.45	0d7657cb-b28b-44ce-a8c0-ec303fc9e254	GET	/blank	undefined
06.03.2025	 02.59.46	a07deecb-73fa-4d7f-b8fa-54f8290127f2	GET	/tables	undefined
06.03.2025	 02.59.51	316d879d-2656-4d85-a8b8-e743d88243f6	GET	/blank	undefined
06.03.2025	 02.59.54	5caf08fd-d2f8-4c98-a77d-474334e53191	GET	/blank	undefined
06.03.2025	 03.01.13	6a17198a-4f90-4c67-8df0-c0419c6b4a35	GET	/user/getUser	undefined
06.03.2025	 03.01.13	fc31edd7-25d0-454c-b110-44af6b3c7451	GET	/user/vendor/fontawesome-free/css/all.min.css	undefined
06.03.2025	 03.01.13	10d26ddc-d6de-47c8-a6e4-3d9357591495	GET	/user/img/undraw_profile_1.svg	undefined
06.03.2025	 03.01.13	d8f547fc-057a-46ed-b0b8-b6268ed01c8f	GET	/user/img/undraw_profile_2.svg	undefined
06.03.2025	 03.01.13	3998af32-3404-4c5d-9978-63fc3a1e947b	GET	/user/img/undraw_profile_3.svg	undefined
06.03.2025	 03.01.27	ea905414-4c2e-49f2-84d2-beb2060c460a	GET	/meal/deleteMeal	undefined
06.03.2025	 03.01.27	033eda65-61a5-467b-9aa8-82f4f0c7674a	GET	/meal/vendor/fontawesome-free/css/all.min.css	undefined
06.03.2025	 03.01.27	5a96d24c-54b5-41a8-8767-a6b9cf1cd1b0	GET	/meal/img/undraw_profile_1.svg	undefined
06.03.2025	 03.01.27	8f8ed441-e2f8-4c1e-a129-e192ea5ce123	GET	/meal/img/undraw_profile_2.svg	undefined
06.03.2025	 03.01.27	6ee48476-c4d3-4016-9767-842ba12b0a40	GET	/meal/img/undraw_profile_3.svg	undefined
06.03.2025	 03.01.29	6c31b142-60c6-4ac2-a28a-16c1d58a4646	GET	/meal/deleteMeal	undefined
06.03.2025	 03.01.29	d437ec23-2bdd-4210-ae68-765b5163d5d6	GET	/meal/vendor/fontawesome-free/css/all.min.css	undefined
06.03.2025	 03.01.29	84a4aaee-5f9a-4ce1-8de0-3d139f25b3f8	GET	/meal/img/undraw_profile_1.svg	undefined
06.03.2025	 03.01.29	a9df879d-dfe8-4b5f-abac-8a9e378d2650	GET	/meal/img/undraw_profile_2.svg	undefined
06.03.2025	 03.01.29	37d35878-d944-4bd3-91e7-bdc2f532497a	GET	/meal/img/undraw_profile_3.svg	undefined
06.03.2025	 03.01.31	c0804549-188a-40f4-9d1c-33252643a93a	GET	/user/deleteUser	undefined
06.03.2025	 03.01.31	dd78918b-bf0a-4704-a54b-e839a91d7c09	GET	/user/vendor/fontawesome-free/css/all.min.css	undefined
06.03.2025	 03.01.31	4cf57d07-e1a0-46e2-8532-68ac13a0a6d3	GET	/user/img/undraw_profile_1.svg	undefined
06.03.2025	 03.01.31	6a5b9914-a8e9-4f1b-bcfd-97c67f76d3f1	GET	/user/img/undraw_profile_2.svg	undefined
06.03.2025	 03.01.31	9edcab3a-d286-4db8-b2fd-b3fb1b195b6b	GET	/user/img/undraw_profile_3.svg	undefined
06.03.2025	 03.09.20	02e1db54-9cc3-41d2-b7a9-dd99113b0efd	GET	/user/deleteUser	undefined
06.03.2025	 03.09.20	4cc3e245-a913-4bce-9916-6fe1e9a5f708	GET	/login	undefined
06.03.2025	 03.09.25	b98c7073-8615-4ae5-ac7e-440065a0b5b3	POST	/api/auth/login	http://localhost:5000
06.03.2025	 03.09.25	d382a8ba-5420-4b3a-9519-147c38bdc2f7	GET	/home	undefined
06.03.2025	 03.09.29	b84b7491-054b-4d14-b2f6-354fc91068d4	GET	/blank	undefined
06.03.2025	 03.09.31	1ac0c4b1-dc8b-4232-a189-44f181f2073d	GET	/blank	undefined
06.03.2025	 03.09.32	192dd25c-9585-4023-a0f9-77a04aae656e	GET	/blank	undefined
06.03.2025	 03.09.49	02946c4b-6c4f-4990-9681-3ed31158a1b8	GET	/blank	undefined
06.03.2025	 03.09.51	d3089f19-3ca6-4a3b-a552-b770d25c1a56	GET	/blank	undefined
06.03.2025	 03.09.53	f6419454-cd67-4c2f-bc78-619c282be001	GET	/index/notification	undefined
06.03.2025	 03.10.01	ae69199d-b3dc-49ec-a1bd-1907b319ed79	GET	/index/notification	undefined
06.03.2025	 03.10.03	4cae0ade-6718-431e-b8dc-21bf0ac035d3	GET	/blank	undefined
06.03.2025	 03.10.06	5e7f1c38-2664-4fc0-9c0d-a9fd86fb8a23	GET	/notification	undefined
06.03.2025	 03.11.48	d24ebd54-2682-4017-b89e-1266b678d887	GET	/notification	undefined
06.03.2025	 03.11.48	5e70cb57-971b-4789-8b3f-ea8146c0ba89	GET	/login	undefined
06.03.2025	 03.11.52	694089c5-73e0-4aca-800a-c3ec7e4591a7	POST	/api/auth/login	http://localhost:5000
06.03.2025	 03.11.53	4101a6c3-3181-4495-a126-5d88dc1aaf1d	GET	/home	undefined
06.03.2025	 03.11.55	34a3696d-6c50-4982-b154-e341e649daad	GET	/notification	undefined
06.03.2025	 03.13.29	a6d11447-210a-40c2-8a87-918143767a85	GET	/notification	undefined
06.03.2025	 03.13.29	61b42e63-074a-4782-a709-116cf25e8e68	GET	/login	undefined
06.03.2025	 03.13.33	df3011e6-838d-40b6-b7ce-c52770a570f0	POST	/api/auth/login	http://localhost:5000
06.03.2025	 03.13.33	bb748db6-5010-45da-a713-6b01df2f71a6	GET	/home	undefined
06.03.2025	 03.13.36	ffd9e075-f912-4b66-9252-375ab78346aa	GET	/notification	undefined
06.03.2025	 03.16.45	bb8dcab8-d530-473a-bfa5-2c3ea0823796	GET	/notification	undefined
06.03.2025	 03.16.45	b5cbe1bd-4bcb-46be-99c1-cfe9391650fb	GET	/login	undefined
06.03.2025	 03.16.48	dc7e83f3-f5ea-4970-8d51-8b4970d7f2c9	POST	/api/auth/login	http://localhost:5000
06.03.2025	 03.16.49	1b76aaee-b326-47ac-a344-6ba870af8f78	GET	/home	undefined
06.03.2025	 03.16.51	1fdaff75-6153-49e1-9ee9-ef72c4a585ee	GET	/profile	undefined
06.03.2025	 03.17.15	dc47a9f2-b952-497a-a969-a22a45ba52ad	GET	/profile	undefined
06.03.2025	 03.17.20	8e579410-241f-404b-8693-246bd956c541	GET	/profile	undefined
06.03.2025	 03.20.08	0a6b461c-7590-4de3-a894-c88a7797da82	GET	/profile	undefined
06.03.2025	 03.20.08	65488ad4-5c60-420f-a778-446035f288ee	GET	/login	undefined
06.03.2025	 03.20.11	8bbc541f-da62-49f5-9eac-a2c78c80c06c	POST	/api/auth/login	http://localhost:5000
06.03.2025	 03.20.11	83d1298c-7480-4511-963c-a431972a3387	GET	/home	undefined
06.03.2025	 03.20.13	5562ba11-7d4b-4215-b4b3-2a2873b52685	GET	/profilSettings	undefined
06.03.2025	 03.24.35	1e8563cf-0ecb-4e5b-a686-61bcbfc8051e	GET	/profilSettings	undefined
06.03.2025	 03.24.35	3a6c9db8-7914-4268-9d31-e24b135d9714	GET	/login	undefined
06.03.2025	 03.24.39	47e28afd-99f4-4a01-97ca-cc21c13604a9	POST	/api/auth/login	http://localhost:5000
06.03.2025	 03.24.39	f59d4ae8-ec78-43f6-8c7e-e8a0671576e3	GET	/home	undefined
06.03.2025	 03.24.41	d95f1e7d-97d8-4e83-8bf9-7d522860abde	GET	/logs	undefined
06.03.2025	 03.24.44	184a7eea-42de-43d0-9678-a95f8c990360	GET	/profile	undefined
06.03.2025	 03.24.49	c11c61c7-062f-40ab-84dd-d0904b820bd7	GET	/logs	undefined
06.03.2025	 03.24.56	aed5f013-6f75-48b1-96d7-eddd552fb031	GET	/profile	undefined
06.03.2025	 03.25.01	6d4f589e-08bd-4969-86ad-8e818023b46b	GET	/blank	undefined
06.03.2025	 03.25.02	02340152-3e41-4fc2-92eb-406996524b9d	GET	/tables	undefined
06.03.2025	 03.25.03	fbcb42ce-f441-4a39-b582-984f2ce2cd47	GET	/blank	undefined
06.03.2025	 03.25.05	0fcf6201-3397-48f4-941f-ff5d6613f200	GET	/home	undefined
06.03.2025	 03.25.08	1429f7ee-adbd-4b2f-ab20-4e79de956680	GET	/meal/deleteMeal	undefined
06.03.2025	 03.25.08	5a5999f1-177c-436f-aa92-bfa905143f03	GET	/meal/vendor/fontawesome-free/css/all.min.css	undefined
06.03.2025	 03.25.08	9908aeec-a972-4baa-b171-fe2bea4480b6	GET	/meal/img/undraw_profile_2.svg	undefined
06.03.2025	 03.25.08	57367e26-63b7-4659-a9c4-f2d29128059b	GET	/meal/img/undraw_profile_3.svg	undefined
06.03.2025	 03.25.08	963f22e3-45b5-4273-a611-5ca9ad066d7c	GET	/meal/img/undraw_profile_1.svg	undefined
06.03.2025	 03.25.12	66b00550-caf3-407a-b89c-710100df20ef	GET	/profilSettings	undefined
06.03.2025	 03.25.14	9e5287ce-c6ed-4ee4-8eec-7fc9cb221a82	GET	/profile	undefined
06.03.2025	 03.25.15	5c30f9c1-b7a0-401b-938d-68e61f4dee79	GET	/logs	undefined
06.03.2025	 03.26.10	b897965f-c5b1-435d-a021-81e5c25570e3	GET	/user/getUser	undefined
06.03.2025	 03.26.10	45f6b259-0a42-4d93-b890-4fcc4c2fb5d5	GET	/user/vendor/fontawesome-free/css/all.min.css	undefined
06.03.2025	 03.26.10	321baaeb-9066-4dc1-87ca-619fbd61a0d7	GET	/user/img/undraw_profile_1.svg	undefined
06.03.2025	 03.26.10	70ac86c9-b7bf-4585-b79d-eca50695162a	GET	/user/img/undraw_profile_2.svg	undefined
06.03.2025	 03.26.10	2f7eea9c-de91-4289-8db4-e4d3072a6ede	GET	/user/img/undraw_profile_3.svg	undefined
06.03.2025	 03.26.12	cb731217-8f1e-4783-8f23-319972ac1a5b	GET	/comment/getComment	undefined
06.03.2025	 03.26.12	86ac5707-d76c-4181-b9e0-9230eadf96ba	GET	/comment/vendor/fontawesome-free/css/all.min.css	undefined
06.03.2025	 03.26.12	5601432a-7672-47e3-927a-61f7902e827e	GET	/comment/img/undraw_profile_1.svg	undefined
06.03.2025	 03.26.12	90f2636d-f67b-42d7-a40a-891f8cb3f477	GET	/comment/img/undraw_profile_3.svg	undefined
06.03.2025	 03.26.12	f017e57c-eae0-46b9-b4a7-80c41d4f3c39	GET	/comment/img/undraw_profile_2.svg	undefined
24.04.2025	 20.48.40	51a9428c-3d97-4dea-b2a3-a1a16704a50e	GET	/	undefined
24.04.2025	 20.48.40	d638f6bc-0610-4865-8e93-4cd491dacf58	GET	/index	undefined
24.04.2025	 20.49.02	c26a44a3-610c-4929-90f1-ebba94106cba	GET	/api/users	undefined
24.04.2025	 20.49.13	1cff9cd0-7ca2-4037-9819-ec5b80ba46b9	GET	/api/users,	undefined
24.04.2025	 20.49.18	ba6d410e-11b5-4aed-a04d-ff80176bf257	GET	/api/users	undefined
24.04.2025	 20.49.18	5cf422c5-917d-4955-9c9b-8eb985885463	GET	/favicon.ico	undefined
24.04.2025	 20.52.33	0ee58136-d786-4616-8437-0421dff1e64c	POST	/api/auth/login	undefined
24.04.2025	 20.54.09	ff5c0911-d459-4be8-becb-a263eead1552	POST	/api/auth/register	undefined
24.04.2025	 20.55.00	ae8ce36a-ea3c-4f8d-83fd-10da29b64a81	POST	/api/auth/register	undefined
24.04.2025	 20.55.38	aa5e29b6-4f27-461b-9ec2-98b6b2c3d2b6	POST	/api/auth/login	undefined
24.04.2025	 20.56.09	9a0eefe1-251c-46d9-9762-cf412f656738	GET	/api/auth/verify/eyJhbGciOiJIUzI1NiIsInR5cCI6IkpXVCJ9.eyJlbWFpbCI6Im11c3RhZmFrcjA2OUBnbWFpbC5jb20iLCJpYXQiOjE3NDU1MTczMDEsImV4cCI6MTc0NTYwMzcwMX0.nijiUguuVgLLot8nU0P0Fj8db1EI_Oeu8Tbb2WOxKEE	undefined
24.04.2025	 20.56.17	a936ac4f-3552-4b00-9d23-d5b71e683b08	GET	/api/auth/verify/eyJhbGciOiJIUzI1NiIsInR5cCI6IkpXVCJ9.eyJlbWFpbCI6Im11c3RhZmFrcjA2OUBnbWFpbC5jb20iLCJpYXQiOjE3NDU1MTczMDEsImV4cCI6MTc0NTYwMzcwMX0.nijiUguuVgLLot8nU0P0Fj8db1EI_Oeu8Tbb2WOxKEE	undefined
24.04.2025	 20.57.29	e9227173-0972-43f9-ba4f-82bc9fd2ef99	POST	/api/auth/login	undefined
24.04.2025	 20.57.29	0b2cacd2-3da2-41d0-bee5-3d7c7e1b925d	GET	/home	undefined
24.04.2025	 20.58.42	5b380033-c22f-4e9a-afdf-a08de362f690	GET	/api/auth/login	undefined
24.04.2025	 20.58.42	8ac48e00-3dbb-401f-8b3e-723c3fd90eaa	GET	/api/auth/vendor/fontawesome-free/css/all.min.css	undefined
24.04.2025	 20.58.42	36d8312d-f714-4d06-9ee7-5b2489382c39	GET	/css/sb-admin-2.min.css	undefined
24.04.2025	 20.58.42	e6390166-8faa-4540-9fd9-bdf8dd5859c2	GET	/api/auth/img/yeni-logo.png	undefined
24.04.2025	 20.58.42	8cfacc01-17f6-486a-9671-113b3455d42b	GET	/vendor/jquery/jquery.min.js	undefined
24.04.2025	 20.58.42	0ef2382b-b22e-4037-92e0-c8cf638bc6d1	GET	/api/auth/css/sb-admin-2.min.css	undefined
24.04.2025	 20.58.42	013e4f4e-caf0-426a-9377-5314adf91a05	GET	/vendor/bootstrap/js/bootstrap.bundle.min.js	undefined
24.04.2025	 20.58.42	6e54dbd9-bdc2-425d-9361-2ebe4dde5744	GET	/vendor/jquery-easing/jquery.easing.min.js	undefined
24.04.2025	 20.58.42	75443c04-3b64-40fe-a053-24b58ccea113	GET	/js/sb-admin-2.min.js	undefined
24.04.2025	 20.58.42	c7032e9d-daeb-4b0f-99bb-0637e653acce	GET	/vendor/chart.js/Chart.min.js	undefined
24.04.2025	 20.58.42	3a936f2d-e144-4db3-9eb9-a602c563da03	GET	/js/demo/chart-area-demo.js	undefined
24.04.2025	 20.58.42	46db7171-f337-4b8b-80f9-72fa787f69fd	GET	/js/demo/chart-pie-demo.js	undefined
24.04.2025	 20.58.42	55ce52d7-27fb-4bb9-b84b-7c08f094bd92	GET	/api/auth/vendor/jquery/jquery.min.js	undefined
24.04.2025	 20.58.42	d0858354-c611-4237-8a51-3c8964de54bb	GET	/api/auth/vendor/jquery-easing/jquery.easing.min.js	undefined
24.04.2025	 20.58.42	71c9c809-8ea0-443a-8969-c1b4fcf9c01c	GET	/api/auth/vendor/bootstrap/js/bootstrap.bundle.min.js	undefined
24.04.2025	 20.58.42	004faabd-2599-46d8-94c1-51b115a6e46e	GET	/api/auth/js/sb-admin-2.min.js	undefined
24.04.2025	 20.58.43	38f4d6cc-48d6-4cea-9ee9-d4cbf7d5eb61	GET	/favicon.ico	undefined
24.04.2025	 20.59.11	ae347a10-f35d-4a01-8db9-c6a61a8c6dad	POST	/api/auth/login	http://localhost:5000
24.04.2025	 20.59.11	5b27778c-157e-4700-9210-fa5d6a0f184d	GET	/home	undefined
24.04.2025	 20.59.11	19fe6708-c8ef-43a5-b8b5-3f7fdbe8bd5f	GET	/vendor/fontawesome-free/css/all.min.css	undefined
24.04.2025	 20.59.11	ad819232-c360-4586-8ec0-49ba507c7147	GET	/css/sb-admin-2.min.css	undefined
24.04.2025	 20.59.11	ccf90094-20e9-4ba2-8630-be4c625cb015	GET	/img/undraw_profile_1.svg	undefined
24.04.2025	 20.59.11	04a5f089-a4c6-4490-8e25-ba7cd7df1a71	GET	/img/undraw_profile_2.svg	undefined
24.04.2025	 20.59.11	f5abf7da-bf2a-4744-8cb7-827ec01ec937	GET	/img/undraw_profile_3.svg	undefined
24.04.2025	 20.59.11	9b4471e8-842b-49e3-b882-9d645fc8a2f5	GET	/img/undraw_profile.svg	undefined
24.04.2025	 20.59.11	fda59923-54ec-41d3-aef2-a8177a66cff8	GET	/vendor/jquery/jquery.min.js	undefined
24.04.2025	 20.59.11	5b9c5c8f-81ba-4a54-9441-29d89d872f83	GET	/vendor/bootstrap/js/bootstrap.bundle.min.js	undefined
24.04.2025	 20.59.11	f45f7373-25d4-46fe-8123-69f57aff9779	GET	/vendor/jquery-easing/jquery.easing.min.js	undefined
24.04.2025	 20.59.11	06b1fdbb-c0ff-4b5f-8d7d-91b19c1dd7d8	GET	/js/sb-admin-2.min.js	undefined
24.04.2025	 20.59.11	fc378e3a-882e-4a9b-be30-c2204e8b6866	GET	/vendor/chart.js/Chart.min.js	undefined
24.04.2025	 20.59.11	37c3e793-a3ef-461f-a4cc-1072334ce26f	GET	/js/demo/chart-area-demo.js	undefined
24.04.2025	 20.59.11	7cefb74a-d0c1-4a1b-9493-fc4006a2f760	GET	/js/demo/chart-pie-demo.js	undefined
24.04.2025	 20.59.11	8689e120-a1e5-4bb3-a445-3e76738eafdb	GET	/img/undraw_posting_photo.svg	undefined
24.04.2025	 20.59.22	0ba36798-3864-4c8f-87c2-66ae0530383f	GET	/user/updateUser	undefined
24.04.2025	 20.59.22	0a8af7a0-4f30-448a-ad24-abd1ab70e02e	GET	/user/vendor/fontawesome-free/css/all.min.css	undefined
24.04.2025	 20.59.22	135c36be-cf0a-4fa3-98db-21001a3a7313	GET	/css/sb-admin-2.min.css	undefined
24.04.2025	 20.59.22	a4a8661e-e095-4cec-9111-e79693840326	GET	/user/img/undraw_profile_3.svg	undefined
24.04.2025	 20.59.22	de9421ae-b4a0-4a49-b165-70cf5781397f	GET	/user/img/undraw_profile_2.svg	undefined
24.04.2025	 20.59.22	42edacff-fe20-42b4-9dc5-7b1caea13c1d	GET	/user/img/undraw_profile_1.svg	undefined
24.04.2025	 20.59.22	47e71637-cc7c-46b5-b15d-360a00c59922	GET	/vendor/fontawesome-free/css/all.min.css	undefined
24.04.2025	 20.59.22	69a8cbe9-c90b-4929-addf-b6db5d4d80bc	GET	/vendor/jquery/jquery.min.js	undefined
24.04.2025	 20.59.22	8f1eb940-cb12-41ac-8463-c6670adc1b13	GET	/img/undraw_profile.svg	undefined
24.04.2025	 20.59.22	ea6d4f68-13d4-4197-b04f-dea4eba2d745	GET	/vendor/jquery-easing/jquery.easing.min.js	undefined
24.04.2025	 20.59.22	fc764828-a647-435b-aaf9-36c17ed4a8ba	GET	/vendor/bootstrap/js/bootstrap.bundle.min.js	undefined
24.04.2025	 20.59.22	4f8ac1f9-62bb-497b-a018-1bee7f3f52c6	GET	/vendor/chart.js/Chart.min.js	undefined
24.04.2025	 20.59.22	8e4dd942-e918-4398-b30d-bf941f502424	GET	/js/sb-admin-2.min.js	undefined
24.04.2025	 20.59.22	8c934c65-c943-4793-a145-2b0eed0c9fe9	GET	/js/demo/chart-area-demo.js	undefined
24.04.2025	 20.59.22	ecc1a932-d2c5-4546-bbe0-f2fb867185dd	GET	/js/demo/chart-pie-demo.js	undefined
24.04.2025	 21.01.43	77e09727-be1e-4a0b-98ab-5840517a1b99	GET	/api/auth/login	undefined
24.04.2025	 21.01.43	83b8af7d-23b1-49f5-9df6-2eba6bdf4b8c	GET	/api/auth/vendor/fontawesome-free/css/all.min.css	undefined
24.04.2025	 21.01.43	51ddcc9f-8ca4-4986-98d2-9a8dd4b72d96	GET	/api/auth/css/sb-admin-2.min.css	undefined
24.04.2025	 21.01.43	8ba6395b-dff6-4784-9754-533a2572968a	GET	/vendor/jquery/jquery.min.js	undefined
24.04.2025	 21.01.43	68405a6e-14a5-46d1-8351-2ebb0d6d0a03	GET	/css/sb-admin-2.min.css	undefined
24.04.2025	 21.01.43	fe854ace-1517-4740-9478-361098f421f3	GET	/api/auth/img/yeni-logo.png	undefined
24.04.2025	 21.01.43	43a0eefc-24a4-4000-88a7-c983ecabb09d	GET	/vendor/bootstrap/js/bootstrap.bundle.min.js	undefined
24.04.2025	 21.01.43	61611413-35a7-497a-9147-8704659200c0	GET	/vendor/jquery-easing/jquery.easing.min.js	undefined
24.04.2025	 21.01.43	2284ccfc-a357-4093-a221-6ea526a01569	GET	/js/sb-admin-2.min.js	undefined
24.04.2025	 21.01.43	895e0bfe-b55e-46da-bc04-a3c2aea81556	GET	/vendor/chart.js/Chart.min.js	undefined
24.04.2025	 21.01.43	5c130f22-6a8d-490b-aceb-5aa29cd1560d	GET	/js/demo/chart-area-demo.js	undefined
24.04.2025	 21.01.43	c72211e5-0e85-4452-b076-407d0405aa28	GET	/api/auth/vendor/jquery/jquery.min.js	undefined
24.04.2025	 21.01.43	043f72ee-bedb-4f35-8ee5-51f8168bd051	GET	/js/demo/chart-pie-demo.js	undefined
24.04.2025	 21.01.43	a124d662-e16a-435b-91d6-e4b6f21e8bbc	GET	/api/auth/vendor/bootstrap/js/bootstrap.bundle.min.js	undefined
24.04.2025	 21.01.43	9dac0850-5bec-453b-a914-d2509637cdde	GET	/api/auth/vendor/jquery-easing/jquery.easing.min.js	undefined
24.04.2025	 21.01.43	2ab72384-046f-4df9-8806-d2e605042a84	GET	/api/auth/js/sb-admin-2.min.js	undefined
24.04.2025	 21.05.26	9a4d09d3-6af1-441e-a57c-448c1c62fa13	POST	/api/auth/login	undefined
24.04.2025	 21.05.26	16418baa-ee7e-48a1-adc9-7ddebf5f43e8	GET	/home	undefined
24.04.2025	 21.05.58	8e61e0dc-c5d4-40de-b545-24b368a04d4d	GET	/api/auth/login	undefined
24.04.2025	 21.05.58	e1730a07-2039-45b7-ac37-38bda2f1f18d	GET	/api/auth/vendor/fontawesome-free/css/all.min.css	undefined
24.04.2025	 21.05.58	318435ef-8a3d-4096-b4d2-24e84e7ce4f9	GET	/api/auth/css/sb-admin-2.min.css	undefined
24.04.2025	 21.05.58	09bcd791-42f6-42de-8712-0d7cfa9134f9	GET	/css/sb-admin-2.min.css	undefined
24.04.2025	 21.05.58	253cc328-8003-4970-906b-138ce2deb103	GET	/vendor/jquery/jquery.min.js	undefined
24.04.2025	 21.05.58	a36c010e-04b5-45d1-8cd3-12e162d429b7	GET	/vendor/bootstrap/js/bootstrap.bundle.min.js	undefined
24.04.2025	 21.05.58	9f0ad009-8cf8-4d09-a883-2f6c7e4bb7f7	GET	/vendor/jquery-easing/jquery.easing.min.js	undefined
24.04.2025	 21.05.58	a8b1b81a-2aae-4b8b-87ad-7bbba1b1520a	GET	/api/auth/img/yeni-logo.png	undefined
24.04.2025	 21.05.58	6f15bf04-9544-4e84-baed-6a105ecf6b9d	GET	/js/sb-admin-2.min.js	undefined
24.04.2025	 21.05.58	0a9f4acf-6ef8-4b0f-b63c-3be3721a8d8f	GET	/vendor/chart.js/Chart.min.js	undefined
24.04.2025	 21.05.58	375f120b-9f4c-4968-b4d2-26eca3d8c05c	GET	/js/demo/chart-area-demo.js	undefined
24.04.2025	 21.05.58	a577ec7d-c768-47f7-8c69-1dccfae44893	GET	/js/demo/chart-pie-demo.js	undefined
24.04.2025	 21.05.58	83d59c2a-87ca-4f80-b405-fbc8f881b6c9	GET	/api/auth/vendor/bootstrap/js/bootstrap.bundle.min.js	undefined
24.04.2025	 21.05.58	1e10a71b-73ce-4ca9-97dd-7171dcbce047	GET	/api/auth/vendor/jquery/jquery.min.js	undefined
24.04.2025	 21.05.58	ff0dedd1-1c12-4863-9ebc-9a58d43b25f7	GET	/api/auth/vendor/jquery-easing/jquery.easing.min.js	undefined
24.04.2025	 21.05.58	bfc0d205-7498-46d9-835f-a394bb6f8bae	GET	/api/auth/js/sb-admin-2.min.js	undefined
24.04.2025	 21.06.09	2664bb8b-f897-43fc-89b5-2af0ccdfb3df	POST	/api/auth/login	http://localhost:5000
24.04.2025	 21.06.46	19c63fdd-e3db-4f4f-962e-9605f282bb7a	POST	/api/auth/login	undefined
24.04.2025	 21.07.00	6a247657-4473-42f8-b5ca-33d1f0d7ed56	POST	/api/auth/login	undefined
24.04.2025	 21.07.00	8f7be4e6-a6bc-4d1c-ae30-26cde8d4984c	GET	/home	undefined
